timestamp,type_id,cell_id,ssb_or_trs,carrier_index,ftl_snr_raw_0,ftl_snr_0,ftl_snr_raw_1,ftl_snr_1,ftl_snr_raw_2,ftl_snr_2,ftl_snr_raw_3,ftl_snr_3
2024-08-09 11:02:09.280927,5G_NR_LL1_FW_Serving_FTL,351,TRS,0,2029,2.96,1037,0.05,1404,1.37,763,-1.29
2024-08-09 11:02:09.312748,5G_NR_LL1_FW_Serving_FTL,351,SSB,0,2297,3.50,2625,4.07,1379,1.29,967,-0.25
2024-08-09 11:02:09.312749,5G_NR_LL1_FW_Serving_FTL,351,SSB,0,1602,1.94,2452,3.78,1076,0.22,722,-1.54
2024-08-09 11:02:09.332749,5G_NR_LL1_FW_Serving_FTL,351,TRS,0,2078,3.07,1051,0.11,1411,1.39,788,-1.15
2024-08-09 11:02:09.332750,5G_NR_LL1_FW_Serving_FTL,351,SSB,0,1801,2.45,2725,4.23,1012,-0.05,921,-0.46
2024-08-09 11:02:09.360924,5G_NR_LL1_FW_Serving_FTL,351,SSB,0,1886,2.65,2689,4.17,1068,0.18,872,-0.70
2024-08-09 11:02:09.360926,5G_NR_LL1_FW_Serving_FTL,351,TRS,0,2054,3.02,1055,0.13,1358,1.23,778,-1.21
2024-08-09 11:02:09.472751,5G_NR_LL1_FW_Serving_FTL,351,SSB,0,2374,3.64,2771,4.30,1039,0.06,888,-0.62
2024-08-09 11:02:09.472753,5G_NR_LL1_FW_Serving_FTL,351,SSB,0,1988,2.87,2955,4.58,1279,0.97,686,-1.76
2024-08-09 11:02:09.492748,5G_NR_LL1_FW_Serving_FTL,351,TRS,0,2138,3.19,1063,0.16,1352,1.21,779,-1.20
2024-08-09 11:02:09.492750,5G_NR_LL1_FW_Serving_FTL,351,SSB,0,1861,2.59,2431,3.74,1146,0.49,790,-1.14
2024-08-09 11:02:09.520923,5G_NR_LL1_FW_Serving_FTL,351,SSB,0,2383,3.65,2823,4.38,1407,1.38,807,-1.05
2024-08-09 11:02:09.520924,5G_NR_LL1_FW_Serving_FTL,351,TRS,0,2136,3.18,1062,0.16,1371,1.27,764,-1.29
2024-08-09 11:02:09.552748,5G_NR_LL1_FW_Serving_FTL,351,SSB,0,2492,3.85,3292,5.04,1508,1.68,775,-1.22
2024-08-09 11:02:09.552750,5G_NR_LL1_FW_Serving_FTL,351,SSB,0,2517,3.89,3013,4.66,1326,1.12,666,-1.89
2024-08-09 11:02:09.572751,5G_NR_LL1_FW_Serving_FTL,351,TRS,0,2142,3.20,1033,0.04,1306,1.06,746,-1.39
2024-08-09 11:02:09.572753,5G_NR_LL1_FW_Serving_FTL,351,SSB,0,2229,3.37,2749,4.27,1342,1.18,747,-1.39
2024-08-09 11:02:09.632753,5G_NR_LL1_FW_Serving_FTL,351,TRS,0,2100,3.11,1036,0.05,1308,1.07,750,-1.37
2024-08-09 11:02:09.632754,5G_NR_LL1_FW_Serving_FTL,351,SSB,0,1140,0.47,910,-0.52,2327,3.55,2413,3.71
2024-08-09 11:02:09.652748,5G_NR_LL1_FW_Serving_FTL,351,TRS,0,1360,1.23,711,-1.60,1085,0.25,2075,3.06
2024-08-09 11:02:09.652750,5G_NR_LL1_FW_Serving_FTL,351,SSB,0,1177,0.61,837,-0.88,2510,3.88,2258,3.42
2024-08-09 11:02:09.680921,5G_NR_LL1_FW_Serving_FTL,351,SSB,0,1352,1.21,967,-0.25,2941,4.56,2424,3.73
2024-08-09 11:02:09.680922,5G_NR_LL1_FW_Serving_FTL,351,TRS,0,1402,1.37,730,-1.49,1084,0.25,1999,2.90
2024-08-09 11:02:09.712749,5G_NR_LL1_FW_Serving_FTL,351,SSB,0,1020,-0.02,698,-1.69,2112,3.14,2094,3.10
2024-08-09 11:02:09.712750,5G_NR_LL1_FW_Serving_FTL,351,SSB,0,1233,0.81,870,-0.71,2190,3.29,2488,3.84
2024-08-09 11:02:09.732749,5G_NR_LL1_FW_Serving_FTL,351,TRS,0,1460,1.54,759,-1.32,1073,0.20,2076,3.06
2024-08-09 11:02:09.732759,5G_NR_LL1_FW_Serving_FTL,351,SSB,0,1036,0.05,666,-1.89,2275,3.46,1913,2.71
2024-08-09 11:02:09.840921,5G_NR_LL1_FW_Serving_FTL,351,SSB,0,1113,0.36,770,-1.25,2253,3.41,2031,2.97
2024-08-09 11:02:09.840923,5G_NR_LL1_FW_Serving_FTL,351,TRS,0,1528,1.74,831,-0.92,1156,0.53,2096,3.10
2024-08-09 11:02:09.872749,5G_NR_LL1_FW_Serving_FTL,351,SSB,0,1126,0.41,734,-1.46,2159,3.23,1630,2.02
2024-08-09 11:02:09.952751,5G_NR_LL1_FW_Serving_FTL,351,SSB,0,1400,1.36,538,-2.85,2196,3.30,1498,1.65
2024-08-09 11:02:09.952753,5G_NR_LL1_FW_Serving_FTL,351,SSB,0,1244,0.85,681,-1.80,1734,2.29,1534,1.76
2024-08-09 11:02:09.972747,5G_NR_LL1_FW_Serving_FTL,351,TRS,0,1439,1.48,827,-0.94,1142,0.48,2052,3.01
2024-08-09 11:02:09.972749,5G_NR_LL1_FW_Serving_FTL,351,SSB,0,1007,-0.07,591,-2.43,1593,1.92,1525,1.73
2024-08-09 11:02:10.052750,5G_NR_LL1_FW_Serving_FTL,351,SSB,0,1024,-0.00,511,-3.08,1669,2.12,1412,1.40
2024-08-09 11:02:10.080924,5G_NR_LL1_FW_Serving_FTL,351,SSB,0,1323,1.11,576,-2.54,2255,3.42,1667,2.12
2024-08-09 11:02:10.080925,5G_NR_LL1_FW_Serving_FTL,351,TRS,0,1412,1.40,729,-1.49,1135,0.45,1870,2.61
2024-08-09 11:02:10.112751,5G_NR_LL1_FW_Serving_FTL,351,SSB,0,993,-0.13,896,-0.59,1789,2.42,1922,2.73
2024-08-09 11:02:10.112754,5G_NR_LL1_FW_Serving_FTL,351,SSB,0,1107,0.34,647,-2.02,2356,3.61,1887,2.65
2024-08-09 11:02:10.132747,5G_NR_LL1_FW_Serving_FTL,351,TRS,0,1428,1.45,709,-1.62,1160,0.54,1917,2.72
2024-08-09 11:02:10.132749,5G_NR_LL1_FW_Serving_FTL,351,SSB,0,1105,0.33,962,-0.27,2044,2.99,2024,2.95
2024-08-09 11:02:10.160921,5G_NR_LL1_FW_Serving_FTL,351,SSB,0,1247,0.86,644,-2.04,2265,3.44,1834,2.53
2024-08-09 11:02:10.160922,5G_NR_LL1_FW_Serving_FTL,351,TRS,0,1435,1.47,726,-1.51,1152,0.51,1935,2.76
2024-08-09 11:02:10.192753,5G_NR_LL1_FW_Serving_FTL,351,SSB,0,1066,0.17,629,-2.15,1778,2.39,1643,2.05
2024-08-09 11:02:10.192755,5G_NR_LL1_FW_Serving_FTL,351,SSB,0,991,-0.14,565,-2.63,1894,2.67,1727,2.27
2024-08-09 11:02:10.212749,5G_NR_LL1_FW_Serving_FTL,351,TRS,0,1449,1.51,747,-1.39,1161,0.55,1995,2.89
2024-08-09 11:02:10.320918,5G_NR_LL1_FW_Serving_FTL,351,SSB,0,2308,3.52,2637,4.09,1399,1.36,979,-0.20
2024-08-09 11:02:10.320919,5G_NR_LL1_FW_Serving_FTL,351,TRS,0,2088,3.09,1228,0.79,1591,1.91,801,-1.08
2024-08-09 11:02:10.352747,5G_NR_LL1_FW_Serving_FTL,351,SSB,0,1789,2.42,2489,3.84,1228,0.79,810,-1.03
2024-08-09 11:02:10.352750,5G_NR_LL1_FW_Serving_FTL,351,SSB,0,1755,2.34,1962,2.82,1145,0.49,659,-1.94
2024-08-09 11:02:10.372750,5G_NR_LL1_FW_Serving_FTL,351,TRS,0,1971,2.84,1083,0.24,1474,1.58,739,-1.43
2024-08-09 11:02:10.372753,5G_NR_LL1_FW_Serving_FTL,351,SSB,0,1795,2.43,2418,3.72,1470,1.57,689,-1.74
2024-08-09 11:02:10.400921,5G_NR_LL1_FW_Serving_FTL,351,SSB,0,2417,3.72,3432,5.22,1964,2.82,727,-1.51
2024-08-09 11:02:10.400923,5G_NR_LL1_FW_Serving_FTL,351,TRS,0,1984,2.87,1120,0.39,1457,1.53,746,-1.39
2024-08-09 11:02:10.432746,5G_NR_LL1_FW_Serving_FTL,351,SSB,0,2002,2.91,2485,3.83,1462,1.55,692,-1.72
2024-08-09 11:02:10.432748,5G_NR_LL1_FW_Serving_FTL,351,SSB,0,1939,2.77,2505,3.87,1338,1.16,676,-1.83
2024-08-09 11:02:10.452749,5G_NR_LL1_FW_Serving_FTL,351,TRS,0,2132,3.18,1170,0.58,1503,1.67,753,-1.35
2024-08-09 11:02:10.452750,5G_NR_LL1_FW_Serving_FTL,351,SSB,0,1729,2.27,2381,3.65,1367,1.26,670,-1.87
2024-08-09 11:02:10.532768,5G_NR_LL1_FW_Serving_FTL,351,SSB,0,2048,3.00,2562,3.97,1347,1.19,596,-2.39
2024-08-09 11:02:10.560921,5G_NR_LL1_FW_Serving_FTL,351,SSB,0,1873,2.62,2637,4.09,1311,1.08,623,-2.19
2024-08-09 11:02:10.560923,5G_NR_LL1_FW_Serving_FTL,351,TRS,0,2133,3.18,1189,0.65,1574,1.87,772,-1.24
2024-08-09 11:02:10.640922,5G_NR_LL1_FW_Serving_FTL,351,TRS,0,2055,3.02,1145,0.49,1484,1.61,769,-1.26
2024-08-09 11:02:10.672746,5G_NR_LL1_FW_Serving_FTL,351,SSB,0,1939,2.77,2636,4.09,1535,1.76,744,-1.40
2024-08-09 11:02:10.672749,5G_NR_LL1_FW_Serving_FTL,351,SSB,0,1847,2.56,2587,4.01,1484,1.61,641,-2.06
2024-08-09 11:02:10.692750,5G_NR_LL1_FW_Serving_FTL,351,TRS,0,2050,3.01,1127,0.42,1457,1.53,719,-1.56
2024-08-09 11:02:10.772747,5G_NR_LL1_FW_Serving_FTL,351,TRS,0,2144,3.20,1162,0.55,1542,1.78,766,-1.28
2024-08-09 11:02:10.772749,5G_NR_LL1_FW_Serving_FTL,351,SSB,0,2256,3.42,2608,4.04,1385,1.31,564,-2.64
2024-08-09 11:02:10.800922,5G_NR_LL1_FW_Serving_FTL,351,SSB,0,2254,3.42,2795,4.34,1395,1.34,596,-2.39
2024-08-09 11:02:10.800924,5G_NR_LL1_FW_Serving_FTL,351,TRS,0,2026,2.96,1094,0.29,1474,1.58,723,-1.53
2024-08-09 11:02:10.832743,5G_NR_LL1_FW_Serving_FTL,351,SSB,0,1910,2.70,2879,4.47,1581,1.89,539,-2.84
2024-08-09 11:02:10.832745,5G_NR_LL1_FW_Serving_FTL,351,SSB,0,2209,3.33,2852,4.43,1449,1.51,767,-1.27
2024-08-09 11:02:10.852747,5G_NR_LL1_FW_Serving_FTL,351,TRS,0,2100,3.11,1106,0.34,1474,1.58,746,-1.39
2024-08-09 11:02:10.852749,5G_NR_LL1_FW_Serving_FTL,351,SSB,0,2161,3.23,2790,4.33,1520,1.72,745,-1.40
2024-08-09 11:02:10.880921,5G_NR_LL1_FW_Serving_FTL,351,SSB,0,1981,2.86,2413,3.71,1316,1.09,787,-1.16
2024-08-09 11:02:10.880922,5G_NR_LL1_FW_Serving_FTL,351,TRS,0,2167,3.25,1113,0.36,1491,1.63,752,-1.36
2024-08-09 11:02:10.920895,5G_NR_LL1_FW_Serving_FTL,351,SSB,0,1927,2.74,2673,4.15,1460,1.54,719,-1.56
2024-08-09 11:02:10.920897,5G_NR_LL1_FW_Serving_FTL,351,TRS,0,2159,3.23,1066,0.17,1494,1.64,729,-1.49
2024-08-09 11:02:10.960929,5G_NR_LL1_FW_Serving_FTL,351,SSB,0,1370,1.27,718,-1.56,2602,4.03,1981,2.86
2024-08-09 11:02:10.960930,5G_NR_LL1_FW_Serving_FTL,351,TRS,0,1568,1.85,735,-1.46,1107,0.34,2186,3.28
2024-08-09 11:02:10.992746,5G_NR_LL1_FW_Serving_FTL,351,SSB,0,1164,0.56,551,-2.74,2150,3.21,1800,2.45
2024-08-09 11:02:10.992748,5G_NR_LL1_FW_Serving_FTL,351,SSB,0,1217,0.75,628,-2.16,2359,3.61,1869,2.61
2024-08-09 11:02:11.012746,5G_NR_LL1_FW_Serving_FTL,351,TRS,0,1532,1.75,726,-1.51,1075,0.21,2195,3.30
2024-08-09 11:02:11.012747,5G_NR_LL1_FW_Serving_FTL,351,SSB,0,1057,0.14,586,-2.47,2168,3.25,1836,2.53
2024-08-09 11:02:11.040920,5G_NR_LL1_FW_Serving_FTL,351,SSB,0,1175,0.60,856,-0.79,2700,4.19,2368,3.63
2024-08-09 11:02:11.040922,5G_NR_LL1_FW_Serving_FTL,351,TRS,0,1448,1.51,721,-1.54,1035,0.05,2099,3.11
2024-08-09 11:02:11.072745,5G_NR_LL1_FW_Serving_FTL,351,SSB,0,1258,0.90,661,-1.93,2620,4.06,2156,3.22
2024-08-09 11:02:11.072747,5G_NR_LL1_FW_Serving_FTL,351,SSB,0,1434,1.46,892,-0.60,3053,4.72,2454,3.78
2024-08-09 11:02:11.092745,5G_NR_LL1_FW_Serving_FTL,351,TRS,0,1546,1.79,767,-1.27,1085,0.25,2236,3.38
2024-08-09 11:02:11.092746,5G_NR_LL1_FW_Serving_FTL,351,SSB,0,1408,1.38,990,-0.15,2526,3.90,2539,3.93
2024-08-09 11:02:11.120927,5G_NR_LL1_FW_Serving_FTL,351,SSB,0,1583,1.89,709,-1.62,2648,4.11,2517,3.89
2024-08-09 11:02:11.120929,5G_NR_LL1_FW_Serving_FTL,351,TRS,0,1604,1.95,834,-0.90,1133,0.44,2246,3.40
2024-08-09 11:02:11.152743,5G_NR_LL1_FW_Serving_FTL,351,SSB,0,1032,0.03,671,-1.86,2219,3.35,1903,2.69
2024-08-09 11:02:11.152745,5G_NR_LL1_FW_Serving_FTL,351,SSB,0,1237,0.82,781,-1.19,2389,3.67,1892,2.66
2024-08-09 11:02:11.172744,5G_NR_LL1_FW_Serving_FTL,351,TRS,0,1480,1.60,751,-1.36,1031,0.03,2134,3.18
2024-08-09 11:02:11.172746,5G_NR_LL1_FW_Serving_FTL,351,SSB,0,1454,1.52,566,-2.62,2401,3.69,1960,2.81
2024-08-09 11:02:11.200916,5G_NR_LL1_FW_Serving_FTL,351,SSB,0,1215,0.74,707,-1.63,2392,3.67,1938,2.77
2024-08-09 11:02:11.200918,5G_NR_LL1_FW_Serving_FTL,351,TRS,0,1461,1.55,769,-1.26,1026,0.01,2197,3.31
2024-08-09 11:02:11.232742,5G_NR_LL1_FW_Serving_FTL,351,SSB,0,992,-0.14,585,-2.47,1958,2.81,1878,2.63
2024-08-09 11:02:11.232745,5G_NR_LL1_FW_Serving_FTL,351,SSB,0,1240,0.83,704,-1.65,2545,3.94,2080,3.07
2024-08-09 11:02:11.252745,5G_NR_LL1_FW_Serving_FTL,351,TRS,0,1471,1.57,754,-1.35,1033,0.04,2223,3.36
2024-08-09 11:02:11.252746,5G_NR_LL1_FW_Serving_FTL,351,SSB,0,961,-0.28,754,-1.35,2457,3.79,2120,3.15
2024-08-09 11:02:11.280918,5G_NR_LL1_FW_Serving_FTL,351,SSB,0,1302,1.05,707,-1.63,2730,4.24,2175,3.26
2024-08-09 11:02:11.280920,5G_NR_LL1_FW_Serving_FTL,351,TRS,0,1455,1.53,690,-1.74,1024,-0.00,2155,3.22
2024-08-09 11:02:11.312743,5G_NR_LL1_FW_Serving_FTL,351,SSB,0,991,-0.14,599,-2.37,2467,3.80,1887,2.65
2024-08-09 11:02:11.312745,5G_NR_LL1_FW_Serving_FTL,351,SSB,0,1085,0.25,788,-1.15,2716,4.22,1742,2.31
2024-08-09 11:02:11.332744,5G_NR_LL1_FW_Serving_FTL,351,TRS,0,1486,1.62,714,-1.59,1056,0.13,2211,3.33
2024-08-09 11:02:11.332747,5G_NR_LL1_FW_Serving_FTL,351,SSB,0,1169,0.58,665,-1.90,2779,4.31,2006,2.91
2024-08-09 11:02:11.600914,5G_NR_LL1_FW_Serving_FTL,351,TRS,0,1394,1.34,631,-2.13,958,-0.29,2143,3.20
2024-08-09 11:02:11.600915,5G_NR_LL1_FW_Serving_FTL,351,TRS,0,2085,3.08,941,-0.37,1370,1.27,645,-2.04
2024-08-09 11:02:11.632743,5G_NR_LL1_FW_Serving_FTL,351,SSB,0,2223,3.36,2622,4.06,1307,1.06,511,-3.08
2024-08-09 11:02:11.632745,5G_NR_LL1_FW_Serving_FTL,351,SSB,0,2160,3.23,2262,3.43,1061,0.15,682,-1.79
2024-08-09 11:02:11.652742,5G_NR_LL1_FW_Serving_FTL,351,TRS,0,2184,3.28,994,-0.13,1506,1.68,687,-1.76
2024-08-09 11:02:11.732743,5G_NR_LL1_FW_Serving_FTL,351,TRS,0,2245,3.40,1045,0.09,1526,1.73,697,-1.69
2024-08-09 11:02:11.732745,5G_NR_LL1_FW_Serving_FTL,351,SSB,0,2264,3.43,2347,3.59,1406,1.38,993,-0.13
2024-08-09 11:02:11.760918,5G_NR_LL1_FW_Serving_FTL,351,SSB,0,1994,2.89,1907,2.70,1146,0.49,1158,0.54
2024-08-09 11:02:11.840916,5G_NR_LL1_FW_Serving_FTL,351,SSB,0,2337,3.57,2528,3.91,1426,1.44,989,-0.15
2024-08-09 11:02:11.840918,5G_NR_LL1_FW_Serving_FTL,351,TRS,0,2370,3.63,1066,0.17,1475,1.59,714,-1.59
2024-08-09 11:02:11.872744,5G_NR_LL1_FW_Serving_FTL,351,SSB,0,1987,2.87,2334,3.57,1401,1.36,881,-0.66
2024-08-09 11:02:11.872746,5G_NR_LL1_FW_Serving_FTL,351,SSB,0,2410,3.70,2714,4.21,1487,1.62,961,-0.28
2024-08-09 11:02:11.972743,5G_NR_LL1_FW_Serving_FTL,351,TRS,0,2319,3.54,991,-0.14,1367,1.26,663,-1.91
2024-08-09 11:02:11.972745,5G_NR_LL1_FW_Serving_FTL,351,SSB,0,1995,2.89,2244,3.40,1327,1.13,1131,0.43
2024-08-09 11:02:12.000917,5G_NR_LL1_FW_Serving_FTL,351,SSB,0,2054,3.02,2269,3.44,1235,0.82,1108,0.34
2024-08-09 11:02:12.000919,5G_NR_LL1_FW_Serving_FTL,351,TRS,0,2339,3.57,1007,-0.07,1377,1.29,697,-1.69
2024-08-09 11:02:12.032742,5G_NR_LL1_FW_Serving_FTL,351,SSB,0,2113,3.14,2125,3.16,1239,0.83,950,-0.33
2024-08-09 11:02:12.032744,5G_NR_LL1_FW_Serving_FTL,351,SSB,0,1888,2.65,1996,2.89,1199,0.69,831,-0.92
2024-08-09 11:02:12.052744,5G_NR_LL1_FW_Serving_FTL,351,TRS,0,2181,3.27,990,-0.15,1316,1.09,659,-1.94
2024-08-09 11:02:12.052746,5G_NR_LL1_FW_Serving_FTL,351,SSB,0,2066,3.04,1970,2.84,1122,0.40,710,-1.61
2024-08-09 11:02:12.080916,5G_NR_LL1_FW_Serving_FTL,351,SSB,0,2476,3.82,2233,3.38,1439,1.48,1048,0.10
2024-08-09 11:02:12.080925,5G_NR_LL1_FW_Serving_FTL,351,TRS,0,2156,3.22,1006,-0.08,1382,1.30,687,-1.76
2024-08-09 11:02:12.112741,5G_NR_LL1_FW_Serving_FTL,351,SSB,0,2053,3.01,2557,3.96,1629,2.02,845,-0.84
2024-08-09 11:02:12.112743,5G_NR_LL1_FW_Serving_FTL,351,SSB,0,2494,3.85,2431,3.74,1505,1.67,1017,-0.03
2024-08-09 11:02:12.132742,5G_NR_LL1_FW_Serving_FTL,351,TRS,0,2143,3.20,1026,0.01,1405,1.38,688,-1.75
2024-08-09 11:02:12.132750,5G_NR_LL1_FW_Serving_FTL,351,SSB,0,2105,3.12,2026,2.96,1053,0.12,801,-1.08
2024-08-09 11:02:12.160917,5G_NR_LL1_FW_Serving_FTL,351,SSB,0,2344,3.58,2377,3.64,1338,1.16,759,-1.32
2024-08-09 11:02:12.160918,5G_NR_LL1_FW_Serving_FTL,351,TRS,0,2263,3.43,1070,0.19,1459,1.54,682,-1.79
2024-08-09 11:02:12.192745,5G_NR_LL1_FW_Serving_FTL,351,SSB,0,2266,3.44,2502,3.86,1341,1.17,595,-2.40
2024-08-09 11:02:12.192748,5G_NR_LL1_FW_Serving_FTL,351,SSB,0,1994,2.89,2707,4.20,1225,0.78,616,-2.24
2024-08-09 11:02:12.212745,5G_NR_LL1_FW_Serving_FTL,351,TRS,0,2406,3.70,1110,0.35,1544,1.78,676,-1.83
2024-08-09 11:02:12.212749,5G_NR_LL1_FW_Serving_FTL,351,SSB,0,2720,4.22,3168,4.88,1606,1.95,656,-1.96
2024-08-09 11:02:12.240917,5G_NR_LL1_FW_Serving_FTL,351,SSB,0,2626,4.07,2698,4.19,1337,1.16,705,-1.64
2024-08-09 11:02:12.240919,5G_NR_LL1_FW_Serving_FTL,351,TRS,0,2271,3.45,1053,0.12,1468,1.57,664,-1.91
2024-08-09 11:02:12.280916,5G_NR_LL1_FW_Serving_FTL,351,SSB,0,978,-0.20,593,-2.41,1875,2.62,2137,3.19
2024-08-09 11:02:12.280918,5G_NR_LL1_FW_Serving_FTL,351,TRS,0,1466,1.56,626,-2.17,1069,0.19,2182,3.28
2024-08-09 11:02:12.520913,5G_NR_LL1_FW_Serving_FTL,351,TRS,0,1548,1.80,728,-1.50,1077,0.22,2225,3.36
2024-08-09 11:02:12.552739,5G_NR_LL1_FW_Serving_FTL,351,SSB,0,1560,1.83,575,-2.55,1936,2.76,1802,2.45
2024-08-09 11:02:12.552741,5G_NR_LL1_FW_Serving_FTL,351,SSB,0,1803,2.45,456,-3.60,2407,3.70,1780,2.40
2024-08-09 11:02:12.572739,5G_NR_LL1_FW_Serving_FTL,351,TRS,0,1491,1.63,705,-1.64,992,-0.14,2044,2.99
2024-08-09 11:02:12.572740,5G_NR_LL1_FW_Serving_FTL,351,SSB,0,1455,1.53,624,-2.18,1988,2.87,1666,2.11
2024-08-09 11:02:12.600911,5G_NR_LL1_FW_Serving_FTL,351,SSB,0,1437,1.47,516,-3.04,2080,3.07,1649,2.07
2024-08-09 11:02:12.600913,5G_NR_LL1_FW_Serving_FTL,351,TRS,0,1477,1.59,681,-1.80,973,-0.22,1960,2.81
2024-08-09 11:02:12.632737,5G_NR_LL1_FW_Serving_FTL,351,SSB,0,1688,2.17,715,-1.58,2002,2.91,1819,2.49
2024-08-09 11:02:12.632739,5G_NR_LL1_FW_Serving_FTL,351,SSB,0,1485,1.62,616,-2.24,1867,2.60,1758,2.34
2024-08-09 11:02:12.652739,5G_NR_LL1_FW_Serving_FTL,351,TRS,0,1515,1.70,711,-1.60,1032,0.03,2137,3.19
2024-08-09 11:02:12.652740,5G_NR_LL1_FW_Serving_FTL,351,SSB,0,1942,2.77,749,-1.37,2206,3.32,1922,2.73
2024-08-09 11:02:12.680914,5G_NR_LL1_FW_Serving_FTL,351,SSB,0,1646,2.06,934,-0.40,1986,2.87,2139,3.19
2024-08-09 11:02:12.680922,5G_NR_LL1_FW_Serving_FTL,351,TRS,0,1503,1.67,697,-1.69,1002,-0.10,2079,3.07
2024-08-09 11:02:12.712740,5G_NR_LL1_FW_Serving_FTL,351,SSB,0,1524,1.73,579,-2.52,1821,2.50,1608,1.96
2024-08-09 11:02:12.712742,5G_NR_LL1_FW_Serving_FTL,351,SSB,0,1937,2.76,916,-0.49,2148,3.21,2115,3.14
2024-08-09 11:02:12.732739,5G_NR_LL1_FW_Serving_FTL,351,TRS,0,1648,2.07,738,-1.44,1105,0.33,2167,3.25
2024-08-09 11:02:12.732741,5G_NR_LL1_FW_Serving_FTL,351,SSB,0,1956,2.81,856,-0.79,2056,3.02,1873,2.62
2024-08-09 11:02:12.760910,5G_NR_LL1_FW_Serving_FTL,351,SSB,0,1730,2.28,935,-0.40,1981,2.86,2087,3.08
2024-08-09 11:02:12.760912,5G_NR_LL1_FW_Serving_FTL,351,TRS,0,1570,1.86,691,-1.73,1019,-0.02,2058,3.02
2024-08-09 11:02:12.792739,5G_NR_LL1_FW_Serving_FTL,351,SSB,0,1546,1.79,909,-0.52,1825,2.51,1787,2.42
2024-08-09 11:02:12.792740,5G_NR_LL1_FW_Serving_FTL,351,SSB,0,1587,1.90,559,-2.68,1771,2.38,1332,1.14
2024-08-09 11:02:12.812738,5G_NR_LL1_FW_Serving_FTL,351,TRS,0,1524,1.73,705,-1.64,1028,0.02,2117,3.15
2024-08-09 11:02:12.812740,5G_NR_LL1_FW_Serving_FTL,351,SSB,0,2003,2.91,940,-0.38,2381,3.65,2050,3.01
2024-08-09 11:02:12.892740,5G_NR_LL1_FW_Serving_FTL,351,TRS,0,1563,1.84,732,-1.48,1036,0.05,2168,3.25
2024-08-09 11:02:12.892742,5G_NR_LL1_FW_Serving_FTL,351,SSB,0,1030,0.02,528,-2.93,1777,2.39,1220,0.76
2024-08-09 11:02:12.920915,5G_NR_LL1_FW_Serving_FTL,351,SSB,0,1237,0.82,708,-1.62,2211,3.33,1708,2.22
2024-08-09 11:02:12.920917,5G_NR_LL1_FW_Serving_FTL,351,TRS,0,1641,2.05,720,-1.55,1085,0.25,2201,3.31
2024-08-09 11:02:12.952740,5G_NR_LL1_FW_Serving_FTL,351,SSB,0,1483,1.61,672,-1.86,2596,4.02,1477,1.59
2024-08-09 11:02:12.952742,5G_NR_LL1_FW_Serving_FTL,351,SSB,0,1494,1.64,906,-0.54,2651,4.11,1871,2.61
2024-08-09 11:02:12.972740,5G_NR_LL1_FW_Serving_FTL,351,TRS,0,1678,2.14,727,-1.51,1106,0.34,2308,3.52
2024-08-09 11:02:12.972742,5G_NR_LL1_FW_Serving_FTL,351,SSB,0,1488,1.62,766,-1.28,3330,5.09,1720,2.25
2024-08-09 11:02:13.000913,5G_NR_LL1_FW_Serving_FTL,351,SSB,0,1299,1.04,1007,-0.07,2990,4.63,2121,3.15
2024-08-09 11:02:13.000915,5G_NR_LL1_FW_Serving_FTL,351,TRS,0,1669,2.12,744,-1.40,1089,0.27,2312,3.52
2024-08-09 11:02:13.032740,5G_NR_LL1_FW_Serving_FTL,351,SSB,0,1404,1.37,880,-0.66,3242,4.97,1799,2.44
2024-08-09 11:02:13.032742,5G_NR_LL1_FW_Serving_FTL,351,SSB,0,1326,1.12,835,-0.90,3115,4.80,1922,2.73
2024-08-09 11:02:13.052739,5G_NR_LL1_FW_Serving_FTL,351,TRS,0,1612,1.97,759,-1.32,1096,0.30,2322,3.54
2024-08-09 11:02:13.052748,5G_NR_LL1_FW_Serving_FTL,351,SSB,0,1293,1.02,863,-0.75,2801,4.35,1844,2.55
2024-08-09 11:02:13.080912,5G_NR_LL1_FW_Serving_FTL,351,SSB,0,1628,2.01,907,-0.53,3426,5.21,2115,3.14
2024-08-09 11:02:13.080914,5G_NR_LL1_FW_Serving_FTL,351,TRS,0,1542,1.78,761,-1.30,1075,0.21,2317,3.53
2024-08-09 11:02:13.112739,5G_NR_LL1_FW_Serving_FTL,351,SSB,0,1404,1.37,958,-0.29,3342,5.10,1928,2.74
2024-08-09 11:02:13.112742,5G_NR_LL1_FW_Serving_FTL,351,SSB,0,1654,2.08,1087,0.26,3528,5.34,2206,3.32
2024-08-09 11:02:13.132740,5G_NR_LL1_FW_Serving_FTL,351,TRS,0,1627,2.01,807,-1.05,1099,0.31,2357,3.61
2024-08-09 11:02:13.132742,5G_NR_LL1_FW_Serving_FTL,351,SSB,0,1220,0.76,872,-0.70,2851,4.42,1947,2.79
2024-08-09 11:02:13.160915,5G_NR_LL1_FW_Serving_FTL,351,SSB,0,1541,1.78,1027,0.01,2627,4.07,2226,3.36
2024-08-09 11:02:13.240914,5G_NR_LL1_FW_Serving_FTL,351,SSB,0,1383,1.31,761,-1.30,2088,3.09,1817,2.49
2024-08-09 11:02:13.240916,5G_NR_LL1_FW_Serving_FTL,351,TRS,0,1579,1.88,733,-1.47,938,-0.38,2186,3.28
2024-08-09 11:02:13.272739,5G_NR_LL1_FW_Serving_FTL,351,SSB,0,1177,0.61,557,-2.69,1736,2.29,1567,1.85
2024-08-09 11:02:13.272741,5G_NR_LL1_FW_Serving_FTL,351,SSB,0,1418,1.42,639,-2.08,2440,3.76,1989,2.88
2024-08-09 11:02:13.292738,5G_NR_LL1_FW_Serving_FTL,351,TRS,0,1610,1.97,740,-1.43,929,-0.43,2270,3.45
2024-08-09 11:02:13.292740,5G_NR_LL1_FW_Serving_FTL,351,SSB,0,1094,0.29,820,-0.97,1957,2.81,1716,2.24
2024-08-09 11:02:13.320909,5G_NR_LL1_FW_Serving_FTL,351,SSB,0,1286,0.99,740,-1.43,2206,3.32,1809,2.47
2024-08-09 11:02:13.320911,5G_NR_LL1_FW_Serving_FTL,351,TRS,0,1450,1.51,634,-2.11,813,-1.01,2115,3.14
2024-08-09 11:02:13.352740,5G_NR_LL1_FW_Serving_FTL,351,SSB,0,1555,1.81,614,-2.26,2554,3.95,1934,2.76
2024-08-09 11:02:13.352742,5G_NR_LL1_FW_Serving_FTL,351,SSB,0,1179,0.61,787,-1.16,2052,3.01,1842,2.55
2024-08-09 11:02:13.372739,5G_NR_LL1_FW_Serving_FTL,351,TRS,0,1400,1.36,524,-2.97,792,-1.13,2207,3.32
2024-08-09 11:02:13.372742,5G_NR_LL1_FW_Serving_FTL,351,SSB,0,952,-0.32,657,-1.96,1951,2.79,1835,2.53
2024-08-09 11:02:13.480913,5G_NR_LL1_FW_Serving_FTL,351,SSB,0,716,-1.57,1034,0.04,1030,0.02,2170,3.25
2024-08-09 11:02:13.480920,5G_NR_LL1_FW_Serving_FTL,351,TRS,0,1035,0.05,530,-2.92,651,-2.00,2351,3.60
2024-08-09 11:02:13.512739,5G_NR_LL1_FW_Serving_FTL,351,SSB,0,871,-0.71,1040,0.07,1087,0.26,2337,3.57
2024-08-09 11:02:13.512741,5G_NR_LL1_FW_Serving_FTL,351,SSB,0,709,-1.62,936,-0.39,641,-2.06,2272,3.45
2024-08-09 11:02:13.532738,5G_NR_LL1_FW_Serving_FTL,351,TRS,0,1138,0.46,936,-0.39,607,-2.31,2186,3.28
2024-08-09 11:02:13.532747,5G_NR_LL1_FW_Serving_FTL,351,SSB,0,982,-0.18,1091,0.28,790,-1.14,2521,3.90
2024-08-09 11:02:13.572744,5G_NR_LL1_FW_Serving_FTL,351,TRS,0,1969,2.83,565,-2.63,1151,0.51,1286,0.99
2024-08-09 11:02:13.572747,5G_NR_LL1_FW_Serving_FTL,351,SSB,0,2488,3.84,808,-1.04,889,-0.62,1221,0.77
2024-08-09 11:02:13.600913,5G_NR_LL1_FW_Serving_FTL,351,SSB,0,2409,3.70,562,-2.65,767,-1.27,985,-0.17
2024-08-09 11:02:13.600914,5G_NR_LL1_FW_Serving_FTL,351,TRS,0,1922,2.73,541,-2.82,1436,1.47,1493,1.64
2024-08-09 11:02:13.632737,5G_NR_LL1_FW_Serving_FTL,351,SSB,0,2051,3.01,524,-2.97,559,-2.68,886,-0.63
2024-08-09 11:02:13.632739,5G_NR_LL1_FW_Serving_FTL,351,SSB,0,2010,2.92,681,-1.80,567,-2.61,835,-0.90
2024-08-09 11:02:13.712741,5G_NR_LL1_FW_Serving_FTL,351,SSB,0,2051,3.01,899,-0.57,530,-2.92,1371,1.27
2024-08-09 11:02:13.732740,5G_NR_LL1_FW_Serving_FTL,351,TRS,0,2959,4.58,750,-1.37,608,-2.30,1708,2.22
2024-08-09 11:02:13.732742,5G_NR_LL1_FW_Serving_FTL,351,SSB,0,2090,3.09,478,-3.38,458,-3.58,1013,-0.05
2024-08-09 11:02:13.952738,5G_NR_LL1_FW_Serving_FTL,351,SSB,0,898,-0.58,685,-1.77,1124,0.41,2261,3.43
2024-08-09 11:02:13.952740,5G_NR_LL1_FW_Serving_FTL,351,SSB,0,1305,1.06,535,-2.87,973,-0.22,1668,2.12
2024-08-09 11:02:13.972739,5G_NR_LL1_FW_Serving_FTL,351,TRS,0,1723,2.26,933,-0.41,2027,2.96,1221,0.77
2024-08-09 11:02:13.972740,5G_NR_LL1_FW_Serving_FTL,351,SSB,0,1732,2.28,931,-0.42,1164,0.56,1392,1.34
2024-08-09 11:02:14.000914,5G_NR_LL1_FW_Serving_FTL,351,SSB,0,2490,3.84,1144,0.48,955,-0.31,429,-3.87
2024-08-09 11:02:14.000915,5G_NR_LL1_FW_Serving_FTL,351,TRS,0,2308,3.52,1023,-0.00,1499,1.66,1148,0.50
2024-08-09 11:02:14.032739,5G_NR_LL1_FW_Serving_FTL,351,SSB,0,2168,3.25,876,-0.68,596,-2.39,609,-2.29
2024-08-09 11:02:14.032748,5G_NR_LL1_FW_Serving_FTL,351,SSB,0,3116,4.80,942,-0.37,708,-1.62,1140,0.47
2024-08-09 11:02:14.052740,5G_NR_LL1_FW_Serving_FTL,351,TRS,0,2957,4.58,853,-0.80,1029,0.02,2017,2.94
2024-08-09 11:02:14.052742,5G_NR_LL1_FW_Serving_FTL,351,SSB,0,2827,4.39,797,-1.10,537,-2.86,3578,5.40
2024-08-09 11:02:14.080913,5G_NR_LL1_FW_Serving_FTL,351,SSB,0,1812,2.48,566,-2.62,349,-4.82,4728,6.59
2024-08-09 11:02:14.080919,5G_NR_LL1_FW_Serving_FTL,351,TRS,0,2946,4.56,725,-1.52,696,-1.70,2500,3.86
2024-08-09 11:02:14.160915,5G_NR_LL1_FW_Serving_FTL,351,TRS,0,2178,3.27,805,-1.06,1031,0.03,2068,3.04
2024-08-09 11:02:14.192739,5G_NR_LL1_FW_Serving_FTL,351,SSB,0,913,-0.50,638,-2.09,683,-1.78,1400,1.36
2024-08-09 11:02:14.192742,5G_NR_LL1_FW_Serving_FTL,351,SSB,0,852,-0.81,685,-1.77,1013,-0.05,1040,0.07
2024-08-09 11:02:14.232741,5G_NR_LL1_FW_Serving_FTL,351,TRS,0,1837,2.53,832,-0.91,1548,1.80,1968,2.83
2024-08-09 11:02:14.232743,5G_NR_LL1_FW_Serving_FTL,351,SSB,0,873,-0.70,849,-0.82,539,-2.84,1090,0.27
2024-08-09 11:02:14.252737,5G_NR_LL1_FW_Serving_FTL,351,TRS,0,1596,1.93,1213,0.74,869,-0.72,1684,2.16
2024-08-09 11:02:14.252739,5G_NR_LL1_FW_Serving_FTL,351,SSB,0,668,-1.88,784,-1.17,442,-3.74,1058,0.14
2024-08-09 11:02:14.280912,5G_NR_LL1_FW_Serving_FTL,351,SSB,0,892,-0.60,944,-0.36,433,-3.83,1151,0.51
2024-08-09 11:02:14.280914,5G_NR_LL1_FW_Serving_FTL,351,TRS,0,1294,1.02,646,-2.03,2303,3.51,1619,1.99
2024-08-09 11:02:14.312740,5G_NR_LL1_FW_Serving_FTL,351,SSB,0,544,-2.80,493,-3.24,332,-5.05,786,-1.16
2024-08-09 11:02:14.312742,5G_NR_LL1_FW_Serving_FTL,351,SSB,0,653,-1.98,570,-2.59,369,-4.56,900,-0.57
2024-08-09 11:02:14.332737,5G_NR_LL1_FW_Serving_FTL,351,TRS,0,1017,-0.03,443,-3.73,2131,3.17,1340,1.17
2024-08-09 11:02:14.332739,5G_NR_LL1_FW_Serving_FTL,351,SSB,0,620,-2.21,506,-3.12,484,-3.33,686,-1.76
2024-08-09 11:02:14.360914,5G_NR_LL1_FW_Serving_FTL,351,SSB,0,767,-1.27,667,-1.89,463,-3.53,855,-0.79
2024-08-09 11:02:14.360915,5G_NR_LL1_FW_Serving_FTL,351,TRS,0,711,-1.60,451,-3.65,1630,2.02,1032,0.03
2024-08-09 11:02:14.392739,5G_NR_LL1_FW_Serving_FTL,351,SSB,0,691,-1.73,615,-2.25,388,-4.33,729,-1.49
2024-08-09 11:02:14.392741,5G_NR_LL1_FW_Serving_FTL,351,SSB,0,434,-3.82,444,-3.72,254,-6.32,489,-3.28
2024-08-09 11:02:14.412737,5G_NR_LL1_FW_Serving_FTL,351,TRS,0,426,-3.90,700,-1.67,1300,1.04,837,-0.88
2024-08-09 11:02:14.412739,5G_NR_LL1_FW_Serving_FTL,351,SSB,0,344,-4.89,323,-5.18,270,-6.03,224,-6.93
2024-08-09 11:02:14.440910,5G_NR_LL1_FW_Serving_FTL,351,SSB,0,444,-3.72,418,-3.99,229,-6.83,278,-5.89
2024-08-09 11:02:14.440912,5G_NR_LL1_FW_Serving_FTL,351,TRS,0,474,-3.42,862,-0.76,1319,1.10,897,-0.58
2024-08-09 11:02:14.572738,5G_NR_LL1_FW_Serving_FTL,351,SSB,0,410,-4.08,299,-5.55,85,-12.29,1205,0.71
2024-08-09 11:02:14.600911,5G_NR_LL1_FW_Serving_FTL,351,SSB,0,481,-3.35,319,-5.24,275,-5.94,667,-1.89
2024-08-09 11:02:14.600913,5G_NR_LL1_FW_Serving_FTL,351,TRS,0,486,-3.31,371,-4.54,510,-3.09,782,-1.18
2024-08-09 11:02:14.632737,5G_NR_LL1_FW_Serving_FTL,351,SSB,0,272,-5.99,54,-15.83,192,-7.70,325,-5.15
2024-08-09 11:02:14.632739,5G_NR_LL1_FW_Serving_FTL,351,SSB,0,211,-7.23,53,-16.01,14,-,370,-4.55
2024-08-09 11:02:14.652735,5G_NR_LL1_FW_Serving_FTL,351,TRS,0,429,-3.87,601,-2.35,220,-7.02,1515,1.70
2024-08-09 11:02:14.652737,5G_NR_LL1_FW_Serving_FTL,351,SSB,0,149,-9.01,161,-8.60,0,-,450,-3.66
2024-08-09 11:02:14.680912,5G_NR_LL1_FW_Serving_FTL,351,SSB,0,0,-,398,-4.22,0,-,548,-2.77
2024-08-09 11:02:14.680914,5G_NR_LL1_FW_Serving_FTL,351,TRS,0,263,-6.16,919,-0.47,55,-15.65,269,-6.05
2024-08-09 11:02:14.712741,5G_NR_LL1_FW_Serving_FTL,351,SSB,0,0,-,1845,2.55,0,-,410,-4.08
2024-08-09 11:02:14.712743,5G_NR_LL1_FW_Serving_FTL,351,SSB,0,347,-4.85,220,-7.02,143,-9.23,1422,1.43
2024-08-09 11:02:14.732736,5G_NR_LL1_FW_Serving_FTL,351,TRS,0,568,-2.60,625,-2.18,385,-4.37,1125,0.41
2024-08-09 11:02:14.732739,5G_NR_LL1_FW_Serving_FTL,351,SSB,0,500,-3.18,0,-,327,-5.13,1551,1.80
2024-08-09 11:02:14.760914,5G_NR_LL1_FW_Serving_FTL,351,SSB,0,251,-6.38,390,-4.31,385,-4.37,626,-2.17
2024-08-09 11:02:14.760915,5G_NR_LL1_FW_Serving_FTL,351,TRS,0,900,-0.57,509,-3.10,439,-3.77,523,-2.98
2024-08-09 11:02:14.792734,5G_NR_LL1_FW_Serving_FTL,351,SSB,0,920,-0.47,144,-9.19,68,-13.87,37,-21.14
2024-08-09 11:02:14.792736,5G_NR_LL1_FW_Serving_FTL,351,SSB,0,328,-5.11,132,-9.66,13,-,0,-
2024-08-09 11:02:14.880907,5G_NR_LL1_FW_Serving_FTL,351,SSB,0,246,-6.48,757,-1.33,512,-3.07,327,-5.13
2024-08-09 11:02:14.880909,5G_NR_LL1_FW_Serving_FTL,351,TRS,0,638,-2.09,1456,1.53,946,-0.35,942,-0.37
2024-08-09 11:02:14.912732,5G_NR_LL1_FW_Serving_FTL,351,SSB,0,664,-1.91,710,-1.61,1310,1.07,4,-
2024-08-09 11:02:14.912743,5G_NR_LL1_FW_Serving_FTL,351,SSB,0,79,-12.78,1324,1.12,315,-5.30,450,-3.66
2024-08-09 11:02:14.932738,5G_NR_LL1_FW_Serving_FTL,351,TRS,0,829,-0.93,1481,1.60,616,-2.24,368,-4.58
2024-08-09 11:02:14.932740,5G_NR_LL1_FW_Serving_FTL,351,SSB,0,227,-6.87,943,-0.36,474,-3.42,768,-1.26
2024-08-09 11:02:14.960911,5G_NR_LL1_FW_Serving_FTL,351,SSB,0,203,-7.42,1780,2.40,827,-0.94,2212,3.33
2024-08-09 11:02:14.960913,5G_NR_LL1_FW_Serving_FTL,351,TRS,0,1081,0.24,1658,2.09,1179,0.61,399,-4.20
2024-08-09 11:02:14.992734,5G_NR_LL1_FW_Serving_FTL,351,SSB,0,86,-12.21,2309,3.52,750,-1.37,2596,4.02
2024-08-09 11:02:14.992736,5G_NR_LL1_FW_Serving_FTL,351,SSB,0,282,-5.82,1364,1.25,1072,0.20,559,-2.68
2024-08-09 11:02:15.012739,5G_NR_LL1_FW_Serving_FTL,351,TRS,0,842,-0.86,1472,1.58,1586,1.90,318,-5.26
2024-08-09 11:02:15.012748,5G_NR_LL1_FW_Serving_FTL,351,SSB,0,359,-4.69,201,-7.47,353,-4.77,78,-12.87
2024-08-09 11:02:15.040910,5G_NR_LL1_FW_Serving_FTL,351,SSB,0,469,-3.47,1524,1.73,271,-6.01,346,-4.86
2024-08-09 11:02:15.040912,5G_NR_LL1_FW_Serving_FTL,351,TRS,0,810,-1.03,889,-0.62,689,-1.74,426,-3.90
2024-08-09 11:02:15.072734,5G_NR_LL1_FW_Serving_FTL,351,SSB,0,429,-3.87,520,-3.00,241,-6.58,520,-3.00
2024-08-09 11:02:15.072736,5G_NR_LL1_FW_Serving_FTL,351,SSB,0,225,-6.91,167,-8.41,201,-7.47,779,-1.20
2024-08-09 11:02:15.092735,5G_NR_LL1_FW_Serving_FTL,351,TRS,0,400,-4.19,563,-2.64,193,-7.67,583,-2.49
2024-08-09 11:02:15.092737,5G_NR_LL1_FW_Serving_FTL,351,SSB,0,232,-6.76,150,-8.97,158,-8.70,500,-3.18
2024-08-09 11:02:15.120908,5G_NR_LL1_FW_Serving_FTL,351,SSB,0,338,-4.97,313,-5.33,887,-0.63,244,-6.52
2024-08-09 11:02:15.120910,5G_NR_LL1_FW_Serving_FTL,351,TRS,0,402,-4.17,740,-1.43,560,-2.67,615,-2.25
2024-08-09 11:02:15.152732,5G_NR_LL1_FW_Serving_FTL,351,SSB,0,203,-7.42,249,-6.42,484,-3.33,79,-12.78
2024-08-09 11:02:15.152741,5G_NR_LL1_FW_Serving_FTL,351,SSB,0,519,-3.01,319,-5.24,299,-5.55,112,-10.59
2024-08-09 11:02:15.172734,5G_NR_LL1_FW_Serving_FTL,351,TRS,0,605,-2.32,1061,0.15,484,-3.33,903,-0.55
2024-08-09 11:02:15.172736,5G_NR_LL1_FW_Serving_FTL,351,SSB,0,987,-0.16,813,-1.01,262,-6.17,690,-1.74
2024-08-09 11:02:15.200906,5G_NR_LL1_FW_Serving_FTL,351,SSB,0,947,-0.34,1679,2.15,389,-4.32,2070,3.05
2024-08-09 11:02:15.200908,5G_NR_LL1_FW_Serving_FTL,351,TRS,0,598,-2.37,1226,0.78,957,-0.30,1207,0.72
2024-08-09 11:02:15.232736,5G_NR_LL1_FW_Serving_FTL,351,SSB,0,1132,0.44,1868,2.61,68,-13.87,3507,5.31
2024-08-09 11:02:15.232738,5G_NR_LL1_FW_Serving_FTL,351,SSB,0,1302,1.05,1385,1.31,85,-12.29,4603,6.47
2024-08-09 11:02:15.252732,5G_NR_LL1_FW_Serving_FTL,351,TRS,0,470,-3.46,1265,0.92,976,-0.21,1032,0.03
2024-08-09 11:02:15.252740,5G_NR_LL1_FW_Serving_FTL,351,SSB,0,1073,0.20,742,-1.42,0,-,3835,5.69
2024-08-09 11:02:15.332733,5G_NR_LL1_FW_Serving_FTL,351,SSB,0,1772,2.38,1762,2.35,0,-,4090,5.97
2024-08-09 11:02:15.360906,5G_NR_LL1_FW_Serving_FTL,351,SSB,0,1772,2.38,1671,2.13,0,-,2490,3.84
2024-08-09 11:02:15.360908,5G_NR_LL1_FW_Serving_FTL,351,TRS,0,649,-2.01,1558,1.82,1318,1.10,1084,0.25
2024-08-09 11:02:15.392735,5G_NR_LL1_FW_Serving_FTL,351,SSB,0,1622,2.00,1840,2.54,0,-,1288,1.00
2024-08-09 11:02:15.392737,5G_NR_LL1_FW_Serving_FTL,351,SSB,0,1810,2.47,1375,1.28,0,-,723,-1.53
2024-08-09 11:02:15.412733,5G_NR_LL1_FW_Serving_FTL,351,TRS,0,754,-1.35,1396,1.35,1052,0.12,1165,0.56
2024-08-09 11:02:15.412735,5G_NR_LL1_FW_Serving_FTL,351,SSB,0,1572,1.86,1159,0.54,158,-8.70,607,-2.31
2024-08-09 11:02:15.440908,5G_NR_LL1_FW_Serving_FTL,351,SSB,0,1521,1.72,891,-0.61,22,-,537,-2.86
2024-08-09 11:02:15.440910,5G_NR_LL1_FW_Serving_FTL,351,TRS,0,721,-1.54,1723,2.26,420,-3.97,1305,1.06
2024-08-09 11:02:15.472743,5G_NR_LL1_FW_Serving_FTL,351,SSB,0,971,-0.23,1114,0.37,94,-11.65,476,-3.40
2024-08-09 11:02:15.472746,5G_NR_LL1_FW_Serving_FTL,351,SSB,0,1721,2.25,1059,0.15,14,-,112,-10.59
2024-08-09 11:02:15.492736,5G_NR_LL1_FW_Serving_FTL,351,TRS,0,786,-1.16,1850,2.56,452,-3.64,1248,0.86
2024-08-09 11:02:15.572735,5G_NR_LL1_FW_Serving_FTL,351,TRS,0,735,-1.46,2014,2.93,356,-4.73,1188,0.65
2024-08-09 11:02:15.572737,5G_NR_LL1_FW_Serving_FTL,351,SSB,0,1846,2.56,1761,2.35,0,-,169,-8.35
2024-08-09 11:02:15.600910,5G_NR_LL1_FW_Serving_FTL,351,SSB,0,2245,3.40,1777,2.39,0,-,348,-4.84
2024-08-09 11:02:15.600912,5G_NR_LL1_FW_Serving_FTL,351,TRS,0,750,-1.37,2029,2.96,513,-3.06,904,-0.55
2024-08-09 11:02:15.632735,5G_NR_LL1_FW_Serving_FTL,351,SSB,0,2493,3.85,1975,2.85,0,-,792,-1.13
2024-08-09 11:02:15.632736,5G_NR_LL1_FW_Serving_FTL,351,SSB,0,2897,4.49,1956,2.81,0,-,699,-1.68
2024-08-09 11:02:15.652733,5G_NR_LL1_FW_Serving_FTL,351,TRS,0,912,-0.51,2168,3.25,694,-1.71,661,-1.93
2024-08-09 11:02:15.652743,5G_NR_LL1_FW_Serving_FTL,351,SSB,0,3009,4.65,1704,2.21,0,-,442,-3.74
2024-08-09 11:02:15.680911,5G_NR_LL1_FW_Serving_FTL,351,SSB,0,2206,3.32,1373,1.28,0,-,423,-3.94
2024-08-09 11:02:15.680912,5G_NR_LL1_FW_Serving_FTL,351,TRS,0,940,-0.38,2037,2.98,699,-1.68,484,-3.33
2024-08-09 11:02:15.712735,5G_NR_LL1_FW_Serving_FTL,351,SSB,0,2733,4.24,1372,1.27,285,-5.77,444,-3.72
2024-08-09 11:02:15.712737,5G_NR_LL1_FW_Serving_FTL,351,SSB,0,3336,5.10,1580,1.88,60,-14.87,367,-4.59
2024-08-09 11:02:15.732733,5G_NR_LL1_FW_Serving_FTL,351,TRS,0,1038,0.06,2074,3.06,805,-1.06,449,-3.67
2024-08-09 11:02:15.812734,5G_NR_LL1_FW_Serving_FTL,351,TRS,0,1102,0.32,2192,3.30,747,-1.39,427,-3.89
2024-08-09 11:02:15.812736,5G_NR_LL1_FW_Serving_FTL,351,SSB,0,2200,3.31,1129,0.43,862,-0.76,130,-9.75
2024-08-09 11:02:15.840908,5G_NR_LL1_FW_Serving_FTL,351,SSB,0,2528,3.91,1399,1.36,1160,0.54,186,-7.86
2024-08-09 11:02:15.840909,5G_NR_LL1_FW_Serving_FTL,351,TRS,0,1311,1.08,2354,3.60,788,-1.15,466,-3.50
2024-08-09 11:02:15.920910,5G_NR_LL1_FW_Serving_FTL,351,TRS,0,1487,1.62,2201,3.31,676,-1.83,455,-3.61
2024-08-09 11:02:15.952734,5G_NR_LL1_FW_Serving_FTL,351,SSB,0,2230,3.37,1330,1.14,1145,0.49,141,-9.30
2024-08-09 11:02:15.952736,5G_NR_LL1_FW_Serving_FTL,351,SSB,0,1971,2.84,973,-0.22,1196,0.68,110,-10.70
2024-08-09 11:02:16.032737,5G_NR_LL1_FW_Serving_FTL,351,SSB,0,2519,3.89,1012,-0.05,1201,0.69,114,-10.49
2024-08-09 11:02:16.052732,5G_NR_LL1_FW_Serving_FTL,351,TRS,0,1780,2.40,2414,3.71,470,-3.46,548,-2.77
2024-08-09 11:02:16.052734,5G_NR_LL1_FW_Serving_FTL,351,SSB,0,1934,2.76,1101,0.32,862,-0.76,71,-13.54
2024-08-09 11:02:16.080908,5G_NR_LL1_FW_Serving_FTL,351,SSB,0,1607,1.96,636,-2.10,836,-0.89,0,-
2024-08-09 11:02:16.160907,5G_NR_LL1_FW_Serving_FTL,351,SSB,0,2040,2.99,965,-0.26,571,-2.58,0,-
2024-08-09 11:02:16.160908,5G_NR_LL1_FW_Serving_FTL,351,TRS,0,1955,2.80,3387,5.16,467,-3.49,711,-1.60
2024-08-09 11:02:16.192739,5G_NR_LL1_FW_Serving_FTL,351,SSB,0,1932,2.75,1296,1.03,529,-2.92,0,-
2024-08-09 11:02:16.192742,5G_NR_LL1_FW_Serving_FTL,351,SSB,0,1820,2.49,1164,0.56,457,-3.59,0,-
2024-08-09 11:02:16.212739,5G_NR_LL1_FW_Serving_FTL,351,TRS,0,1915,2.71,3309,5.06,505,-3.13,686,-1.76
2024-08-09 11:02:16.212742,5G_NR_LL1_FW_Serving_FTL,351,SSB,0,1914,2.71,1047,0.10,468,-3.48,0,-
2024-08-09 11:02:16.240908,5G_NR_LL1_FW_Serving_FTL,351,SSB,0,2292,3.49,1256,0.89,778,-1.21,87,-12.14
2024-08-09 11:02:16.240910,5G_NR_LL1_FW_Serving_FTL,351,TRS,0,2023,2.95,2992,4.63,507,-3.12,716,-1.57
2024-08-09 11:02:16.272735,5G_NR_LL1_FW_Serving_FTL,351,SSB,0,1616,1.98,744,-1.40,719,-1.56,0,-
2024-08-09 11:02:16.272737,5G_NR_LL1_FW_Serving_FTL,351,SSB,0,2124,3.16,960,-0.28,854,-0.80,0,-
2024-08-09 11:02:16.292731,5G_NR_LL1_FW_Serving_FTL,351,TRS,0,2012,2.93,2246,3.40,467,-3.49,613,-2.26
2024-08-09 11:02:16.292734,5G_NR_LL1_FW_Serving_FTL,351,SSB,0,1938,2.77,956,-0.30,959,-0.29,0,-
2024-08-09 11:02:16.320907,5G_NR_LL1_FW_Serving_FTL,351,SSB,0,1805,2.46,1303,1.05,1177,0.61,72,-13.44
2024-08-09 11:02:16.320908,5G_NR_LL1_FW_Serving_FTL,351,TRS,0,1881,2.64,1990,2.88,569,-2.60,498,-3.20
2024-08-09 11:02:16.352734,5G_NR_LL1_FW_Serving_FTL,351,SSB,0,2002,2.91,1234,0.81,1661,2.10,67,-13.98
2024-08-09 11:02:16.352736,5G_NR_LL1_FW_Serving_FTL,351,SSB,0,1796,2.44,1228,0.79,1107,0.34,77,-12.96
2024-08-09 11:02:16.372731,5G_NR_LL1_FW_Serving_FTL,351,TRS,0,1790,2.42,1956,2.81,861,-0.76,423,-3.94
2024-08-09 11:02:16.372733,5G_NR_LL1_FW_Serving_FTL,351,SSB,0,1596,1.93,973,-0.22,986,-0.17,54,-15.83
2024-08-09 11:02:16.400907,5G_NR_LL1_FW_Serving_FTL,351,SSB,0,1773,2.38,1059,0.15,829,-0.93,163,-8.54
2024-08-09 11:02:16.400909,5G_NR_LL1_FW_Serving_FTL,351,TRS,0,1544,1.78,1913,2.71,1023,-0.00,389,-4.32
2024-08-09 11:02:16.432733,5G_NR_LL1_FW_Serving_FTL,351,SSB,0,2150,3.21,1322,1.11,979,-0.20,230,-6.80
2024-08-09 11:02:16.512734,5G_NR_LL1_FW_Serving_FTL,351,SSB,0,1410,1.39,1575,1.87,1846,2.56,619,-2.22
2024-08-09 11:02:16.512736,5G_NR_LL1_FW_Serving_FTL,351,SSB,0,781,-1.19,1546,1.79,1250,0.87,551,-2.74
2024-08-09 11:02:16.532730,5G_NR_LL1_FW_Serving_FTL,351,TRS,0,684,-1.78,2374,3.64,1554,1.81,610,-2.29
2024-08-09 11:02:16.532733,5G_NR_LL1_FW_Serving_FTL,351,SSB,0,734,-1.46,1489,1.63,1521,1.72,407,-4.11
2024-08-09 11:02:16.612734,5G_NR_LL1_FW_Serving_FTL,351,SSB,0,908,-0.53,920,-0.47,1706,2.22,258,-6.25
2024-08-09 11:02:16.640906,5G_NR_LL1_FW_Serving_FTL,351,SSB,0,1074,0.21,928,-0.43,2526,3.90,339,-4.96
2024-08-09 11:02:16.640907,5G_NR_LL1_FW_Serving_FTL,351,TRS,0,823,-0.96,2223,3.36,1301,1.04,456,-3.60
2024-08-09 11:02:16.672733,5G_NR_LL1_FW_Serving_FTL,351,SSB,0,1132,0.44,1446,1.50,2021,2.95,386,-4.36
2024-08-09 11:02:16.672742,5G_NR_LL1_FW_Serving_FTL,351,SSB,0,972,-0.23,1023,-0.00,1588,1.91,334,-5.03
2024-08-09 11:02:16.692731,5G_NR_LL1_FW_Serving_FTL,351,TRS,0,899,-0.57,2500,3.86,1266,0.92,429,-3.87
2024-08-09 11:02:16.692732,5G_NR_LL1_FW_Serving_FTL,351,SSB,0,1303,1.05,830,-0.92,1492,1.64,281,-5.84
2024-08-09 11:02:16.720905,5G_NR_LL1_FW_Serving_FTL,351,SSB,0,1823,2.50,993,-0.13,975,-0.22,342,-4.92
2024-08-09 11:02:16.720907,5G_NR_LL1_FW_Serving_FTL,351,TRS,0,1075,0.21,2854,4.43,1150,0.51,411,-4.07
2024-08-09 11:02:16.752731,5G_NR_LL1_FW_Serving_FTL,351,SSB,0,1562,1.83,853,-0.80,817,-0.99,292,-5.66
2024-08-09 11:02:16.752733,5G_NR_LL1_FW_Serving_FTL,351,SSB,0,1682,2.15,529,-2.92,1204,0.71,258,-6.25
2024-08-09 11:02:16.772732,5G_NR_LL1_FW_Serving_FTL,351,TRS,0,1046,0.09,2614,4.05,1100,0.31,369,-4.56
2024-08-09 11:02:16.852730,5G_NR_LL1_FW_Serving_FTL,351,TRS,0,1107,0.34,2619,4.06,1441,1.49,379,-4.44
2024-08-09 11:02:16.852731,5G_NR_LL1_FW_Serving_FTL,351,SSB,0,2555,3.95,1202,0.70,2762,4.29,340,-4.94
2024-08-09 11:02:16.880905,5G_NR_LL1_FW_Serving_FTL,351,SSB,0,2446,3.77,883,-0.65,2939,4.55,198,-7.54
2024-08-09 11:02:16.880906,5G_NR_LL1_FW_Serving_FTL,351,TRS,0,997,-0.12,2628,4.07,1781,2.40,419,-3.98
2024-08-09 11:02:16.912732,5G_NR_LL1_FW_Serving_FTL,351,SSB,0,3495,5.30,1522,1.72,1829,2.52,276,-5.93
2024-08-09 11:02:16.912734,5G_NR_LL1_FW_Serving_FTL,351,SSB,0,2312,3.52,1474,1.58,1693,2.18,184,-7.91
2024-08-09 11:02:16.932731,5G_NR_LL1_FW_Serving_FTL,351,TRS,0,986,-0.17,1886,2.65,1317,1.10,427,-3.89
2024-08-09 11:02:16.932732,5G_NR_LL1_FW_Serving_FTL,351,SSB,0,2572,3.98,1675,2.14,1562,1.83,308,-5.41
2024-08-09 11:02:16.960902,5G_NR_LL1_FW_Serving_FTL,351,SSB,0,2504,3.87,1647,2.06,1258,0.90,152,-8.90
2024-08-09 11:02:16.960904,5G_NR_LL1_FW_Serving_FTL,351,TRS,0,765,-1.28,1894,2.67,1492,1.64,414,-4.04
2024-08-09 11:02:16.992732,5G_NR_LL1_FW_Serving_FTL,351,SSB,0,2725,4.23,1350,1.20,1419,1.42,143,-9.23
2024-08-09 11:02:16.992735,5G_NR_LL1_FW_Serving_FTL,351,SSB,0,1775,2.39,1264,0.92,905,-0.54,152,-8.90
2024-08-09 11:02:17.240915,5G_NR_LL1_FW_Serving_FTL,351,TRS,0,1110,0.35,995,-0.13,368,-4.58,897,-0.58
2024-08-09 11:02:17.292741,5G_NR_LL1_FW_Serving_FTL,351,TRS,0,1001,-0.10,1319,1.10,362,-4.65,851,-0.81
2024-08-09 11:02:17.292742,5G_NR_LL1_FW_Serving_FTL,351,SSB,0,430,-3.86,1075,0.21,113,-10.54,298,-5.56
2024-08-09 11:02:17.560922,5G_NR_LL1_FW_Serving_FTL,351,SSB,0,657,-1.96,486,-3.31,151,-8.94,213,-7.18
2024-08-09 11:02:17.560924,5G_NR_LL1_FW_Serving_FTL,351,TRS,0,962,-0.27,1403,1.37,1069,0.19,773,-1.24
2024-08-09 11:02:17.720907,5G_NR_LL1_FW_Serving_FTL,351,SSB,0,222,-6.98,0,-,594,-2.40,978,-0.20
2024-08-09 11:02:17.720909,5G_NR_LL1_FW_Serving_FTL,351,TRS,0,792,-1.13,403,-4.16,972,-0.23,1161,0.55
2024-08-09 11:02:17.880908,5G_NR_LL1_FW_Serving_FTL,351,SSB,0,139,-9.38,0,-,612,-2.27,747,-1.39
2024-08-09 11:02:17.880910,5G_NR_LL1_FW_Serving_FTL,351,TRS,0,949,-0.33,696,-1.70,1092,0.28,1728,2.27
2024-08-09 11:02:17.932735,5G_NR_LL1_FW_Serving_FTL,351,TRS,0,912,-0.51,710,-1.61,1095,0.29,1693,2.18
2024-08-09 11:02:17.932737,5G_NR_LL1_FW_Serving_FTL,351,SSB,0,117,-10.34,0,-,1032,0.03,976,-0.21
2024-08-09 11:02:17.960910,5G_NR_LL1_FW_Serving_FTL,351,SSB,0,126,-9.92,0,-,831,-0.92,789,-1.14
2024-08-09 11:02:17.960912,5G_NR_LL1_FW_Serving_FTL,351,TRS,0,954,-0.31,755,-1.34,1128,0.42,1969,2.83
2024-08-09 11:02:18.040917,5G_NR_LL1_FW_Serving_FTL,351,SSB,0,276,-5.93,0,-,1047,0.10,1011,-0.06
2024-08-09 11:02:18.040918,5G_NR_LL1_FW_Serving_FTL,351,TRS,0,1034,0.04,847,-0.83,1154,0.52,2101,3.11
2024-08-09 11:02:18.200918,5G_NR_LL1_FW_Serving_FTL,351,SSB,0,185,-7.89,726,-1.51,1779,2.40,1211,0.73
2024-08-09 11:02:18.200919,5G_NR_LL1_FW_Serving_FTL,351,TRS,0,1089,0.27,731,-1.48,936,-0.39,2035,2.98
2024-08-09 11:02:18.360914,5G_NR_LL1_FW_Serving_FTL,351,SSB,0,212,-7.20,2019,2.94,2180,3.27,1140,0.47
2024-08-09 11:02:18.360916,5G_NR_LL1_FW_Serving_FTL,351,TRS,0,1078,0.22,552,-2.73,936,-0.39,1742,2.31
2024-08-09 11:02:18.520898,5G_NR_LL1_FW_Serving_FTL,351,SSB,0,135,-9.54,592,-2.42,1578,1.88,1092,0.28
2024-08-09 11:02:18.520900,5G_NR_LL1_FW_Serving_FTL,351,TRS,0,563,-2.64,726,-1.51,834,-0.90,1679,2.15
2024-08-09 11:02:18.672726,5G_NR_LL1_FW_Serving_FTL,218,SSB,0,1293,1.02,994,-0.13,1,-,672,-1.86
2024-08-09 11:02:18.672728,5G_NR_LL1_FW_Serving_FTL,218,SSB,0,1606,1.95,857,-0.78,104,-11.03,661,-1.93
2024-08-09 11:02:18.692727,5G_NR_LL1_FW_Serving_FTL,218,TRS,0,1053,0.12,834,-0.90,816,-1.00,392,-4.29
