timestamp,type_id,e_arfcn,num_cells,pci,serv_cell_index,rsrp,rsrq,rssi,ftl_snr_0,ftl_snr_1,cinr_rx_0,cinr_rx_1,projected_sir,post_ic_rsrq
2024-08-09 11:30:19.782751,LTE_PHY_Serv_Cell_Measurement,100,2,351,PCell,-99.875,-13.375,-61.8125,4.300000190734863,-7.800000190734863,1724,4294966745,-3,-13.5
2024-08-09 11:30:19.782751,LTE_PHY_Serv_Cell_Measurement,9360,1,449,2_SCell,-85.125,-13.6875,-54.8125,15.5,15.399999618530273,2337,1696,-3,-12.4375
2024-08-09 11:30:19.789523,LTE_PHY_Serv_Cell_Measurement,100,1,351,PCell,-99.875,-13.3125,-67.3125,5.599999904632568,-5.599999904632568,1556,4294966273,-3,-10.1875
2024-08-09 11:30:19.789523,LTE_PHY_Serv_Cell_Measurement,9360,1,449,2_SCell,-85.1875,-13.6875,-55.0625,2.0999999046325684,2.5,1515,1410,-3,-11.375
2024-08-09 11:30:19.799589,LTE_PHY_Serv_Cell_Measurement,100,1,351,PCell,-99.875,-13.3125,-66.75,13.300000190734863,8.600000381469727,1687,4294966435,-3,-12.1875
2024-08-09 11:30:19.799589,LTE_PHY_Serv_Cell_Measurement,9360,1,449,2_SCell,-85.25,-13.625,-55.0,13.899999618530273,12.100000381469727,1592,1505,-3,-11.8125
2024-08-09 11:30:19.809580,LTE_PHY_Serv_Cell_Measurement,100,1,351,PCell,-99.875,-13.3125,-66.5625,17.5,16.600000381469727,1909,4294966702,-3,-13.625
2024-08-09 11:30:19.809580,LTE_PHY_Serv_Cell_Measurement,9360,1,449,2_SCell,-85.3125,-13.625,-55.375,17.0,14.300000190734863,1719,1588,-3,-11.75
2024-08-09 11:30:19.822911,LTE_PHY_Serv_Cell_Measurement,100,2,351,PCell,-99.875,-13.3125,-65.625,17.700000762939453,17.100000381469727,2205,4294967117,-3,-14.25
2024-08-09 11:30:19.822911,LTE_PHY_Serv_Cell_Measurement,9360,1,449,2_SCell,-85.4375,-13.625,-54.3125,13.300000190734863,11.600000381469727,1773,1581,-3,-14.75
2024-08-09 11:30:19.829584,LTE_PHY_Serv_Cell_Measurement,100,1,351,PCell,-99.875,-13.375,-65.625,14.899999618530273,10.699999809265137,2462,111,-3,-13.875
2024-08-09 11:30:19.829584,LTE_PHY_Serv_Cell_Measurement,9360,1,449,2_SCell,-85.5,-13.625,-55.1875,9.699999809265137,8.100000381469727,1843,1591,-3,-12.5
2024-08-09 11:30:19.839590,LTE_PHY_Serv_Cell_Measurement,100,1,351,PCell,-99.8125,-13.375,-65.3125,13.800000190734863,9.0,2659,354,-3,-13.6875
2024-08-09 11:30:19.839590,LTE_PHY_Serv_Cell_Measurement,9360,1,449,2_SCell,-85.5625,-13.625,-56.125,14.800000190734863,12.399999618530273,1958,1621,-3,-11.625
2024-08-09 11:30:19.849575,LTE_PHY_Serv_Cell_Measurement,100,1,351,PCell,-99.75,-13.375,-66.0,15.699999809265137,10.600000381469727,2894,595,-3,-12.875
2024-08-09 11:30:19.849575,LTE_PHY_Serv_Cell_Measurement,9360,1,449,2_SCell,-85.625,-13.5625,-55.9375,13.199999809265137,11.399999618530273,2062,1713,-3,-11.875
2024-08-09 11:30:19.862759,LTE_PHY_Serv_Cell_Measurement,100,2,351,PCell,-99.75,-13.3125,-66.375,10.800000190734863,5.0,2724,548,-3,-11.5625
2024-08-09 11:30:19.862759,LTE_PHY_Serv_Cell_Measurement,9360,1,449,2_SCell,-85.6875,-13.5625,-55.75,3.0,3.5999999046325684,1322,1207,-3,-11.6875
2024-08-09 11:30:19.869560,LTE_PHY_Serv_Cell_Measurement,100,1,351,PCell,-99.75,-13.3125,-65.5,14.300000190734863,11.199999809265137,2781,760,-3,-12.4375
2024-08-09 11:30:19.869560,LTE_PHY_Serv_Cell_Measurement,9360,1,449,2_SCell,-85.75,-13.5625,-54.0,12.300000190734863,12.100000381469727,1156,1086,-3,-14.5
2024-08-09 11:30:19.879024,LTE_PHY_Serv_Cell_Measurement,100,1,351,PCell,-99.75,-13.3125,-65.125,8.5,6.800000190734863,2709,978,-3,-13.9375
2024-08-09 11:30:19.879024,LTE_PHY_Serv_Cell_Measurement,9360,1,449,2_SCell,-85.8125,-13.625,-53.3125,0.699999988079071,1.399999976158142,1296,1226,-3,-15.5625
2024-08-09 11:30:19.889544,LTE_PHY_Serv_Cell_Measurement,100,1,351,PCell,-99.75,-13.3125,-65.5625,14.699999809265137,10.699999809265137,2578,1020,-3,-14.5625
2024-08-09 11:30:19.889544,LTE_PHY_Serv_Cell_Measurement,9360,1,449,2_SCell,-85.8125,-13.625,-54.1875,8.100000381469727,7.0,1182,1177,-3,-14.0625
2024-08-09 11:30:19.902794,LTE_PHY_Serv_Cell_Measurement,100,2,351,PCell,-99.6875,-13.375,-63.5,14.800000190734863,8.199999809265137,2814,1139,-3,-15.375
2024-08-09 11:30:19.902794,LTE_PHY_Serv_Cell_Measurement,9360,1,449,2_SCell,-85.875,-13.625,-53.9375,8.5,7.5,1383,1354,-3,-14.8125
2024-08-09 11:30:19.909566,LTE_PHY_Serv_Cell_Measurement,100,1,351,PCell,-99.625,-13.375,-63.125,13.899999618530273,3.9000000953674316,3007,1213,-3,-14.75
2024-08-09 11:30:19.909566,LTE_PHY_Serv_Cell_Measurement,9360,1,449,2_SCell,-85.875,-13.625,-54.8125,16.0,12.899999618530273,1526,1474,-3,-13.5
2024-08-09 11:30:19.919584,LTE_PHY_Serv_Cell_Measurement,100,1,351,PCell,-99.5,-13.375,-62.875,18.700000762939453,9.800000190734863,3228,1275,-3,-14.125
2024-08-09 11:30:19.919584,LTE_PHY_Serv_Cell_Measurement,9360,1,449,2_SCell,-85.9375,-13.5625,-56.8125,14.300000190734863,11.800000190734863,1731,1641,-3,-10.75
2024-08-09 11:30:19.929617,LTE_PHY_Serv_Cell_Measurement,100,1,351,PCell,-99.375,-13.375,-63.625,18.0,10.699999809265137,3371,1378,-2,-12.9375
2024-08-09 11:30:19.929617,LTE_PHY_Serv_Cell_Measurement,9360,1,449,2_SCell,-86.0,-13.5625,-56.625,0.5,0.800000011920929,1197,1081,-2,-11.4375
2024-08-09 11:30:19.942786,LTE_PHY_Serv_Cell_Measurement,100,2,351,PCell,-99.1875,-13.375,-64.75,13.399999618530273,7.400000095367432,3390,1387,-2,-12.125
2024-08-09 11:30:19.942786,LTE_PHY_Serv_Cell_Measurement,9360,1,449,2_SCell,-86.0625,-13.5625,-55.4375,7.0,6.199999809265137,896,784,-2,-14.75
2024-08-09 11:30:19.949550,LTE_PHY_Serv_Cell_Measurement,100,1,351,PCell,-99.125,-13.375,-65.5,14.0,9.800000190734863,3358,1406,-2,-11.875
2024-08-09 11:30:19.949550,LTE_PHY_Serv_Cell_Measurement,9360,1,449,2_SCell,-86.125,-13.5625,-55.125,7.699999809265137,5.099999904632568,902,720,-2,-14.0625
2024-08-09 11:30:19.959585,LTE_PHY_Serv_Cell_Measurement,100,1,351,PCell,-99.0625,-13.3125,-62.5,5.199999809265137,-8.300000190734863,2911,671,-2,-11.75
2024-08-09 11:30:19.959585,LTE_PHY_Serv_Cell_Measurement,9360,1,449,2_SCell,-86.1875,-13.5625,-57.625,14.0,11.100000381469727,994,771,-2,-11.625
2024-08-09 11:30:19.969599,LTE_PHY_Serv_Cell_Measurement,100,1,351,PCell,-99.0625,-13.3125,-64.5625,0.4000000059604645,-5.0,1920,4294966841,-2,-12.1875
2024-08-09 11:30:19.969599,LTE_PHY_Serv_Cell_Measurement,9360,1,449,2_SCell,-86.3125,-13.5625,-57.3125,16.299999237060547,13.0,1126,898,-2,-12.0625
2024-08-09 11:30:19.982779,LTE_PHY_Serv_Cell_Measurement,100,2,351,PCell,-99.0625,-13.3125,-63.875,0.800000011920929,-3.0999999046325684,1186,4294966576,-2,-14.5
2024-08-09 11:30:19.982779,LTE_PHY_Serv_Cell_Measurement,9360,1,449,2_SCell,-86.375,-13.5625,-55.4375,12.300000190734863,9.100000381469727,1302,1044,-2,-14.6875
2024-08-09 11:30:19.989011,LTE_PHY_Serv_Cell_Measurement,100,1,351,PCell,-99.0625,-13.375,-63.9375,1.7999999523162842,-4.5,949,4294966490,-2,-14.625
2024-08-09 11:30:19.989011,LTE_PHY_Serv_Cell_Measurement,9360,1,449,2_SCell,-86.4375,-13.5625,-55.6875,3.5,3.200000047683716,1304,1014,-2,-13.5625
2024-08-09 11:30:19.999593,LTE_PHY_Serv_Cell_Measurement,100,1,351,PCell,-99.0,-13.375,-62.75,4.099999904632568,-2.200000047683716,809,4294966387,-2,-15.25
2024-08-09 11:30:19.999593,LTE_PHY_Serv_Cell_Measurement,9360,1,449,2_SCell,-86.5,-13.5625,-56.625,3.0,1.899999976158142,1133,826,-2,-12.25
2024-08-09 11:30:20.009523,LTE_PHY_Serv_Cell_Measurement,100,1,351,PCell,-98.9375,-13.3125,-66.25,16.5,9.100000381469727,1060,4294966568,-2,-9.25
2024-08-09 11:30:20.009523,LTE_PHY_Serv_Cell_Measurement,9360,1,449,2_SCell,-86.5625,-13.5,-57.0625,11.600000381469727,9.0,1056,687,-2,-12.0
2024-08-09 11:30:20.022733,LTE_PHY_Serv_Cell_Measurement,100,2,351,PCell,-98.875,-13.25,-67.4375,14.199999809265137,4.599999904632568,1278,4294966656,-2,-9.1875
2024-08-09 11:30:20.022733,LTE_PHY_Serv_Cell_Measurement,9360,1,449,2_SCell,-86.6875,-13.5,-56.8125,12.5,9.199999809265137,1229,848,-2,-12.6875
2024-08-09 11:30:20.029508,LTE_PHY_Serv_Cell_Measurement,100,1,351,PCell,-98.875,-13.1875,-67.25,16.700000762939453,6.900000095367432,1457,4294966738,-2,-9.875
2024-08-09 11:30:20.029508,LTE_PHY_Serv_Cell_Measurement,9360,1,449,2_SCell,-86.75,-13.5,-56.75,9.199999809265137,6.599999904632568,1143,715,-2,-12.5625
2024-08-09 11:30:20.039546,LTE_PHY_Serv_Cell_Measurement,100,1,351,PCell,-98.8125,-13.125,-66.4375,15.300000190734863,7.300000190734863,1645,4294966814,-2,-9.3125
2024-08-09 11:30:20.039546,LTE_PHY_Serv_Cell_Measurement,9360,1,449,2_SCell,-86.75,-13.5,-56.3125,10.5,9.0,1338,902,-2,-13.4375
2024-08-09 11:30:20.049574,LTE_PHY_Serv_Cell_Measurement,100,1,351,PCell,-98.75,-13.125,-66.0625,15.0,8.699999809265137,1711,4294966808,-2,-9.0
2024-08-09 11:30:20.049574,LTE_PHY_Serv_Cell_Measurement,9360,1,449,2_SCell,-86.8125,-13.5,-56.1875,16.799999237060547,13.699999809265137,1478,1084,-2,-12.6875
2024-08-09 11:30:20.061626,LTE_PHY_Serv_Cell_Measurement,100,1,351,PCell,-98.75,-13.0,-67.1875,17.100000381469727,9.100000381469727,1922,4294966959,-2,-8.3125
2024-08-09 11:30:20.072674,LTE_PHY_Serv_Cell_Measurement,100,2,351,PCell,-98.6875,-12.9375,-67.9375,16.799999237060547,10.5,2100,4294967117,-2,-7.6875
2024-08-09 11:30:20.079457,LTE_PHY_Serv_Cell_Measurement,100,1,351,PCell,-98.6875,-12.875,-67.1875,12.600000381469727,8.800000190734863,2141,4294967187,-2,-8.125
2024-08-09 11:30:20.089482,LTE_PHY_Serv_Cell_Measurement,100,1,351,PCell,-98.75,-12.8125,-65.4375,10.300000190734863,8.800000190734863,2166,30,-2,-9.6875
2024-08-09 11:30:20.099460,LTE_PHY_Serv_Cell_Measurement,100,1,351,PCell,-98.8125,-12.75,-68.5,11.899999618530273,6.800000190734863,2116,176,-2,-8.3125
2024-08-09 11:30:20.112663,LTE_PHY_Serv_Cell_Measurement,100,2,351,PCell,-98.9375,-12.6875,-68.0625,10.100000381469727,4.800000190734863,2175,345,-2,-9.0625
2024-08-09 11:30:20.119480,LTE_PHY_Serv_Cell_Measurement,100,1,351,PCell,-99.0,-12.6875,-68.0625,12.300000190734863,7.699999809265137,2238,427,-2,-9.25
2024-08-09 11:30:20.129495,LTE_PHY_Serv_Cell_Measurement,100,1,351,PCell,-99.125,-12.625,-68.3125,17.299999237060547,14.300000190734863,2324,553,-2,-9.5625
2024-08-09 11:30:20.139158,LTE_PHY_Serv_Cell_Measurement,100,1,351,PCell,-99.1875,-12.625,-68.3125,14.800000190734863,11.699999809265137,2428,673,-2,-9.875
2024-08-09 11:30:20.152689,LTE_PHY_Serv_Cell_Measurement,100,2,351,PCell,-99.3125,-12.625,-66.625,13.0,7.199999809265137,2541,762,-2,-13.875
2024-08-09 11:30:20.159467,LTE_PHY_Serv_Cell_Measurement,100,1,351,PCell,-99.3125,-12.625,-67.5625,16.5,9.899999618530273,2597,788,-2,-9.8125
2024-08-09 11:30:20.169458,LTE_PHY_Serv_Cell_Measurement,100,1,351,PCell,-99.375,-12.5625,-66.5625,14.800000190734863,6.400000095367432,2622,703,-2,-10.3125
2024-08-09 11:30:20.179075,LTE_PHY_Serv_Cell_Measurement,100,1,351,PCell,-99.4375,-12.5,-67.3125,17.0,9.100000381469727,2702,661,-3,-9.8125
2024-08-09 11:30:20.192668,LTE_PHY_Serv_Cell_Measurement,100,2,351,PCell,-99.4375,-12.4375,-68.0625,12.199999809265137,3.799999952316284,2759,637,-3,-8.8125
2024-08-09 11:30:20.199476,LTE_PHY_Serv_Cell_Measurement,100,1,351,PCell,-99.4375,-12.4375,-66.875,15.899999618530273,9.600000381469727,2710,529,-3,-11.25
2024-08-09 11:30:20.209537,LTE_PHY_Serv_Cell_Measurement,100,1,351,PCell,-99.5,-12.375,-67.9375,19.5,16.899999618530273,2849,690,-3,-8.5
2024-08-09 11:30:20.219079,LTE_PHY_Serv_Cell_Measurement,100,1,351,PCell,-99.5,-12.375,-65.375,6.099999904632568,2.299999952316284,2848,788,-4,-9.25
2024-08-09 11:30:20.232710,LTE_PHY_Serv_Cell_Measurement,100,2,351,PCell,-99.5,-12.3125,-66.5,5.699999809265137,-0.30000001192092896,2297,265,-4,-9.25
2024-08-09 11:30:20.239510,LTE_PHY_Serv_Cell_Measurement,100,1,351,PCell,-99.5,-12.25,-64.3125,3.5,-1.899999976158142,2037,55,-4,-10.5625
2024-08-09 11:30:20.249532,LTE_PHY_Serv_Cell_Measurement,100,1,351,PCell,-99.4375,-12.3125,-61.1875,4.099999904632568,-2.700000047683716,1813,4294967270,-3,-13.3125
2024-08-09 11:30:20.260023,LTE_PHY_Serv_Cell_Measurement,100,1,351,PCell,-99.4375,-12.3125,-63.125,1.7000000476837158,-2.5999999046325684,1229,4294966641,-3,-13.3125
2024-08-09 11:30:20.322708,LTE_PHY_Serv_Cell_Measurement,100,2,351,PCell,-98.9375,-12.3125,-63.25,11.899999618530273,14.100000381469727,1989,749,-3,-12.6875
2024-08-09 11:30:20.322708,LTE_PHY_Serv_Cell_Measurement,9360,1,449,2_SCell,-87.6875,-14.4375,-53.9375,-4.800000190734863,-4.400000095367432,4294966158,4294965960,-3,-16.75
2024-08-09 11:30:20.329574,LTE_PHY_Serv_Cell_Measurement,100,1,351,PCell,-98.875,-12.3125,-63.6875,15.600000381469727,17.200000762939453,2147,992,-3,-12.6875
2024-08-09 11:30:20.329574,LTE_PHY_Serv_Cell_Measurement,9360,1,449,2_SCell,-87.6875,-14.4375,-54.25,-4.800000190734863,-5.199999809265137,4294966134,4294965916,-3,-16.5625
2024-08-09 11:30:20.339566,LTE_PHY_Serv_Cell_Measurement,100,1,351,PCell,-98.8125,-12.375,-61.4375,2.200000047683716,-3.0999999046325684,2098,1118,-3,-13.75
2024-08-09 11:30:20.339566,LTE_PHY_Serv_Cell_Measurement,9360,1,449,2_SCell,-87.6875,-14.5,-53.6875,-4.0,-4.400000095367432,4294966121,4294965901,-3,-16.8125
2024-08-09 11:30:20.349592,LTE_PHY_Serv_Cell_Measurement,100,1,351,PCell,-98.6875,-12.375,-61.25,0.8999999761581421,-4.0,1420,131,-3,-13.8125
2024-08-09 11:30:20.349592,LTE_PHY_Serv_Cell_Measurement,9360,1,449,2_SCell,-87.6875,-14.5,-55.375,-4.599999904632568,-4.599999904632568,4294966121,4294965886,-3,-15.3125
2024-08-09 11:30:20.362019,LTE_PHY_Serv_Cell_Measurement,100,2,351,PCell,-98.5625,-12.4375,-60.875,4.5,-0.30000001192092896,1150,4294967167,-3,-14.1875
2024-08-09 11:30:20.362019,LTE_PHY_Serv_Cell_Measurement,9360,1,449,2_SCell,-87.6875,-14.5,-55.4375,-1.100000023841858,-1.899999976158142,4294966070,4294965822,-3,-15.0625
2024-08-09 11:30:20.369602,LTE_PHY_Serv_Cell_Measurement,100,1,351,PCell,-98.5,-12.4375,-62.875,9.699999809265137,6.599999904632568,1170,4294967210,-3,-13.875
2024-08-09 11:30:20.369602,LTE_PHY_Serv_Cell_Measurement,9360,1,449,2_SCell,-87.75,-14.5,-55.0,-3.0,-3.4000000953674316,4294966170,4294965886,-3,-16.1875
2024-08-09 11:30:20.379083,LTE_PHY_Serv_Cell_Measurement,100,1,351,PCell,-98.4375,-12.4375,-63.0625,10.600000381469727,9.5,1321,139,-2,-13.9375
2024-08-09 11:30:20.379083,LTE_PHY_Serv_Cell_Measurement,9360,1,449,2_SCell,-87.75,-14.5,-55.25,-3.799999952316284,-4.199999809265137,4294966096,4294965806,-2,-15.3125
2024-08-09 11:30:20.389628,LTE_PHY_Serv_Cell_Measurement,100,1,351,PCell,-98.375,-12.4375,-63.4375,12.800000190734863,13.899999618530273,1528,410,-2,-13.6875
2024-08-09 11:30:20.389628,LTE_PHY_Serv_Cell_Measurement,9360,1,449,2_SCell,-87.75,-14.5625,-54.0625,-4.300000190734863,-4.599999904632568,4294966096,4294965755,-2,-17.125
2024-08-09 11:30:20.402733,LTE_PHY_Serv_Cell_Measurement,100,2,351,PCell,-98.3125,-12.5,-62.9375,15.199999809265137,15.800000190734863,1800,726,-2,-14.375
2024-08-09 11:30:20.402733,LTE_PHY_Serv_Cell_Measurement,9360,1,449,2_SCell,-87.8125,-14.625,-53.75,-3.5,-4.099999904632568,4294966070,4294965755,-2,-16.9375
2024-08-09 11:30:20.409593,LTE_PHY_Serv_Cell_Measurement,100,1,351,PCell,-98.25,-12.5,-63.4375,15.600000381469727,16.600000381469727,2011,962,-2,-13.9375
2024-08-09 11:30:20.409593,LTE_PHY_Serv_Cell_Measurement,9360,1,449,2_SCell,-87.8125,-14.625,-53.625,-3.4000000953674316,-3.700000047683716,4294966070,4294965737,-2,-17.0625
2024-08-09 11:30:20.419598,LTE_PHY_Serv_Cell_Measurement,100,1,351,PCell,-98.25,-12.5625,-63.6875,10.0,12.300000190734863,2144,1183,-2,-13.8125
2024-08-09 11:30:20.419598,LTE_PHY_Serv_Cell_Measurement,9360,1,449,2_SCell,-87.8125,-14.6875,-53.8125,-3.4000000953674316,-3.200000047683716,4294966083,4294965737,-2,-16.9375
2024-08-09 11:30:20.429586,LTE_PHY_Serv_Cell_Measurement,100,1,351,PCell,-98.1875,-12.5625,-63.5,12.0,14.399999618530273,2251,1441,-2,-14.0625
2024-08-09 11:30:20.429586,LTE_PHY_Serv_Cell_Measurement,9360,1,449,2_SCell,-87.875,-14.6875,-53.75,-3.0999999046325684,-3.0,4294966070,4294965683,-2,-15.5625
2024-08-09 11:30:20.442739,LTE_PHY_Serv_Cell_Measurement,100,2,351,PCell,-98.1875,-12.5625,-63.25,11.800000190734863,13.199999809265137,2481,1728,-2,-14.4375
2024-08-09 11:30:20.442739,LTE_PHY_Serv_Cell_Measurement,9360,1,449,2_SCell,-87.875,-14.6875,-53.5,-4.5,-5.0,4294966030,4294965737,-2,-15.5625
2024-08-09 11:30:20.449566,LTE_PHY_Serv_Cell_Measurement,100,1,351,PCell,-98.125,-12.625,-63.25,14.5,14.100000381469727,2611,1904,-2,-14.5625
2024-08-09 11:30:20.449566,LTE_PHY_Serv_Cell_Measurement,9360,1,449,2_SCell,-87.9375,-14.6875,-53.8125,-4.599999904632568,-5.0,4294966017,4294965737,-2,-16.4375
2024-08-09 11:30:20.459608,LTE_PHY_Serv_Cell_Measurement,100,1,351,PCell,-98.125,-12.625,-63.5625,13.100000381469727,13.600000381469727,2733,2090,-2,-14.4375
2024-08-09 11:30:20.459608,LTE_PHY_Serv_Cell_Measurement,9360,1,449,2_SCell,-87.9375,-14.75,-53.6875,-4.800000190734863,-5.099999904632568,4294965946,4294965701,-2,-16.8125
2024-08-09 11:30:20.469574,LTE_PHY_Serv_Cell_Measurement,100,1,351,PCell,-98.125,-12.625,-63.8125,14.5,15.199999809265137,2849,2269,-2,-14.3125
2024-08-09 11:30:20.469574,LTE_PHY_Serv_Cell_Measurement,9360,1,449,2_SCell,-87.9375,-14.75,-53.75,-5.5,-6.199999809265137,4294965946,4294965683,-2,-16.375
2024-08-09 11:30:20.482786,LTE_PHY_Serv_Cell_Measurement,100,2,351,PCell,-98.125,-12.6875,-63.875,9.300000190734863,8.699999809265137,2919,2422,-2,-13.5
2024-08-09 11:30:20.482786,LTE_PHY_Serv_Cell_Measurement,9360,1,449,2_SCell,-88.0,-14.8125,-53.0,-4.699999809265137,-4.800000190734863,4294965946,4294965626,-2,-17.875
2024-08-09 11:30:20.489023,LTE_PHY_Serv_Cell_Measurement,100,1,351,PCell,-98.125,-12.6875,-64.0,14.800000190734863,14.399999618530273,2973,2477,-2,-13.75
2024-08-09 11:30:20.489023,LTE_PHY_Serv_Cell_Measurement,9360,1,449,2_SCell,-88.0,-14.875,-53.125,-5.099999904632568,-4.800000190734863,4294965916,4294965606,-2,-18.125
2024-08-09 11:30:20.499087,LTE_PHY_Serv_Cell_Measurement,100,1,351,PCell,-98.1875,-12.6875,-64.125,12.0,11.800000190734863,2916,2488,-2,-13.375
2024-08-09 11:30:20.499087,LTE_PHY_Serv_Cell_Measurement,9360,1,449,2_SCell,-88.0625,-14.875,-53.6875,-5.5,-4.900000095367432,4294965901,4294965606,-2,-17.3125
2024-08-09 11:30:20.509591,LTE_PHY_Serv_Cell_Measurement,100,1,351,PCell,-98.1875,-12.6875,-63.6875,13.899999618530273,13.600000381469727,2824,2506,-2,-14.4375
2024-08-09 11:30:20.509591,LTE_PHY_Serv_Cell_Measurement,9360,1,449,2_SCell,-88.0625,-14.9375,-53.0625,-4.400000095367432,-4.400000095367432,4294965901,4294965645,-2,-17.6875
2024-08-09 11:30:20.521899,LTE_PHY_Serv_Cell_Measurement,100,2,351,PCell,-98.1875,-12.6875,-64.6875,14.699999809265137,14.699999809265137,2929,2602,-2,-13.1875
2024-08-09 11:30:20.521899,LTE_PHY_Serv_Cell_Measurement,9360,1,449,2_SCell,-88.125,-14.9375,-53.375,-5.0,-5.5,4294965870,4294965626,-2,-17.0625
2024-08-09 11:30:20.529547,LTE_PHY_Serv_Cell_Measurement,100,1,351,PCell,-98.1875,-12.75,-64.625,14.100000381469727,14.899999618530273,3023,2668,-2,-13.125
2024-08-09 11:30:20.529547,LTE_PHY_Serv_Cell_Measurement,9360,1,449,2_SCell,-88.125,-15.0,-52.0625,-6.599999904632568,-6.0,4294965719,4294965545,-2,-18.5625
2024-08-09 11:30:20.539569,LTE_PHY_Serv_Cell_Measurement,100,1,351,PCell,-98.1875,-12.75,-64.375,13.899999618530273,13.100000381469727,3034,2718,-2,-13.6875
2024-08-09 11:30:20.539569,LTE_PHY_Serv_Cell_Measurement,9360,1,449,2_SCell,-88.125,-15.0,-53.25,-6.599999904632568,-7.300000190734863,4294965645,4294965458,-2,-15.5625
2024-08-09 11:30:20.549566,LTE_PHY_Serv_Cell_Measurement,100,1,351,PCell,-98.1875,-12.75,-64.8125,13.100000381469727,12.199999809265137,3062,2747,-2,-13.0
2024-08-09 11:30:20.549566,LTE_PHY_Serv_Cell_Measurement,9360,1,449,2_SCell,-88.125,-15.0,-53.8125,-4.800000190734863,-4.199999809265137,4294965701,4294965524,-2,-15.8125
2024-08-09 11:30:20.562736,LTE_PHY_Serv_Cell_Measurement,100,2,351,PCell,-98.25,-12.75,-64.75,13.300000190734863,12.5,3018,2720,-2,-13.3125
2024-08-09 11:30:20.562736,LTE_PHY_Serv_Cell_Measurement,9360,1,449,2_SCell,-88.125,-15.0625,-53.75,-3.799999952316284,-3.700000047683716,4294965755,4294965586,-2,-16.5625
2024-08-09 11:30:20.569596,LTE_PHY_Serv_Cell_Measurement,100,1,351,PCell,-98.25,-12.75,-64.8125,13.699999809265137,12.899999618530273,3015,2663,-2,-13.4375
2024-08-09 11:30:20.569596,LTE_PHY_Serv_Cell_Measurement,9360,1,449,2_SCell,-88.125,-15.0625,-53.5,-3.700000047683716,-3.5,4294965838,4294965645,-2,-16.3125
2024-08-09 11:30:20.579086,LTE_PHY_Serv_Cell_Measurement,100,1,351,PCell,-98.25,-12.75,-65.125,12.800000190734863,11.399999618530273,2931,2542,-2,-13.1875
2024-08-09 11:30:20.579086,LTE_PHY_Serv_Cell_Measurement,9360,1,449,2_SCell,-88.125,-15.125,-53.125,-4.5,-4.599999904632568,4294965854,4294965701,-2,-18.0
2024-08-09 11:30:20.589518,LTE_PHY_Serv_Cell_Measurement,100,1,351,PCell,-98.25,-12.75,-63.5625,17.299999237060547,14.399999618530273,3049,2580,-2,-13.25
2024-08-09 11:30:20.589518,LTE_PHY_Serv_Cell_Measurement,9360,1,449,2_SCell,-88.1875,-15.125,-53.75,-4.699999809265137,-4.800000190734863,4294965854,4294965772,-2,-15.6875
2024-08-09 11:30:20.602761,LTE_PHY_Serv_Cell_Measurement,100,2,351,PCell,-98.25,-12.8125,-63.875,8.100000381469727,0.699999988079071,2529,1278,-2,-14.3125
2024-08-09 11:30:20.602761,LTE_PHY_Serv_Cell_Measurement,9360,1,449,2_SCell,-88.1875,-15.125,-53.9375,-4.300000190734863,-3.5,4294965806,4294965755,-2,-16.25
2024-08-09 11:30:20.609523,LTE_PHY_Serv_Cell_Measurement,100,1,351,PCell,-98.25,-12.8125,-63.6875,14.899999618530273,10.100000381469727,2543,1176,-2,-13.5625
2024-08-09 11:30:20.609523,LTE_PHY_Serv_Cell_Measurement,9360,1,449,2_SCell,-88.1875,-15.1875,-52.5625,-5.0,-4.599999904632568,4294965822,4294965789,-2,-18.25
2024-08-09 11:30:20.619372,LTE_PHY_Serv_Cell_Measurement,100,1,351,PCell,-98.25,-12.8125,-64.125,17.700000762939453,11.199999809265137,2662,1205,-2,-13.625
2024-08-09 11:30:20.619372,LTE_PHY_Serv_Cell_Measurement,9360,1,449,2_SCell,-88.1875,-15.1875,-53.375,-4.5,-3.799999952316284,4294965822,4294965822,-2,-16.75
2024-08-09 11:30:20.629626,LTE_PHY_Serv_Cell_Measurement,100,1,351,PCell,-98.25,-12.8125,-64.125,14.300000190734863,8.699999809265137,2773,1305,-2,-13.75
2024-08-09 11:30:20.629626,LTE_PHY_Serv_Cell_Measurement,9360,1,449,2_SCell,-88.1875,-15.1875,-53.375,-5.300000190734863,-4.900000095367432,4294965822,4294965854,-2,-16.5625
2024-08-09 11:30:20.642802,LTE_PHY_Serv_Cell_Measurement,100,2,351,PCell,-98.25,-12.875,-64.375,14.899999618530273,9.0,2794,1313,-2,-13.9375
2024-08-09 11:30:20.642802,LTE_PHY_Serv_Cell_Measurement,9360,1,449,2_SCell,-88.1875,-15.25,-53.4375,-4.800000190734863,-4.5,4294965822,4294965870,-2,-17.5
2024-08-09 11:30:20.649612,LTE_PHY_Serv_Cell_Measurement,100,1,351,PCell,-98.25,-12.875,-63.875,4.0,-1.2999999523162842,2831,1310,-2,-14.625
2024-08-09 11:30:20.649612,LTE_PHY_Serv_Cell_Measurement,9360,1,449,2_SCell,-88.1875,-15.25,-52.75,-5.0,-3.700000047683716,4294965838,4294965854,-2,-18.25
2024-08-09 11:30:20.659610,LTE_PHY_Serv_Cell_Measurement,100,1,351,PCell,-98.25,-12.875,-65.3125,12.0,6.5,2691,1133,-2,-12.375
2024-08-09 11:30:20.659610,LTE_PHY_Serv_Cell_Measurement,9360,1,449,2_SCell,-88.1875,-15.3125,-55.0625,-4.5,-4.400000095367432,4294965838,4294965901,-2,-16.375
2024-08-09 11:30:20.669566,LTE_PHY_Serv_Cell_Measurement,100,1,351,PCell,-98.3125,-12.875,-64.8125,4.400000095367432,-2.9000000953674316,2244,532,-2,-13.125
2024-08-09 11:30:20.669566,LTE_PHY_Serv_Cell_Measurement,9360,1,449,2_SCell,-88.1875,-15.3125,-54.9375,-5.400000095367432,-5.099999904632568,4294965822,4294965916,-2,-16.6875
2024-08-09 11:30:20.682847,LTE_PHY_Serv_Cell_Measurement,100,2,351,PCell,-98.3125,-12.875,-63.625,12.699999809265137,6.5,2255,566,-2,-14.5625
2024-08-09 11:30:20.682847,LTE_PHY_Serv_Cell_Measurement,9360,1,449,2_SCell,-88.25,-15.3125,-54.9375,-2.700000047683716,-2.4000000953674316,4294965854,4294965960,-2,-16.8125
2024-08-09 11:30:20.690083,LTE_PHY_Serv_Cell_Measurement,100,1,351,PCell,-98.375,-12.9375,-64.375,11.300000190734863,7.0,2226,569,-2,-14.5
2024-08-09 11:30:20.690083,LTE_PHY_Serv_Cell_Measurement,9360,1,449,2_SCell,-88.25,-15.375,-53.6875,-4.599999904632568,-4.099999904632568,4294965854,4294965989,-2,-17.25
2024-08-09 11:30:20.699027,LTE_PHY_Serv_Cell_Measurement,100,1,351,PCell,-98.375,-12.9375,-64.375,14.899999618530273,11.100000381469727,2343,724,-2,-14.3125
2024-08-09 11:30:20.699027,LTE_PHY_Serv_Cell_Measurement,9360,1,449,2_SCell,-88.25,-15.375,-52.8125,-6.599999904632568,-5.0,4294965870,4294966070,-2,-17.75
2024-08-09 11:30:20.709606,LTE_PHY_Serv_Cell_Measurement,100,1,351,PCell,-98.4375,-12.9375,-64.1875,16.700000762939453,13.0,2418,773,-2,-14.4375
2024-08-09 11:30:20.709606,LTE_PHY_Serv_Cell_Measurement,9360,1,449,2_SCell,-88.1875,-15.375,-53.1875,-5.0,-4.5,4294965870,4294966096,-2,-16.0625
2024-08-09 11:30:20.722853,LTE_PHY_Serv_Cell_Measurement,100,2,351,PCell,-98.5,-12.9375,-65.0,15.300000190734863,11.399999618530273,2515,880,-3,-13.8125
2024-08-09 11:30:20.722853,LTE_PHY_Serv_Cell_Measurement,9360,1,449,2_SCell,-88.1875,-15.4375,-53.375,-4.0,-2.9000000953674316,4294965854,4294966109,-3,-16.5625
2024-08-09 11:30:20.729601,LTE_PHY_Serv_Cell_Measurement,100,1,351,PCell,-98.5625,-13.0,-64.4375,13.699999809265137,7.199999809265137,2626,1031,-3,-13.75
2024-08-09 11:30:20.729601,LTE_PHY_Serv_Cell_Measurement,9360,1,449,2_SCell,-88.125,-15.4375,-53.4375,-5.0,-4.199999809265137,4294965789,4294966070,-3,-16.6875
2024-08-09 11:30:20.739626,LTE_PHY_Serv_Cell_Measurement,100,1,351,PCell,-98.625,-13.0,-65.1875,14.300000190734863,9.5,2682,1093,-3,-13.6875
2024-08-09 11:30:20.739626,LTE_PHY_Serv_Cell_Measurement,9360,1,449,2_SCell,-88.125,-15.4375,-52.875,-4.599999904632568,-3.0999999046325684,4294965822,4294966121,-3,-17.0625
2024-08-09 11:30:20.749554,LTE_PHY_Serv_Cell_Measurement,100,1,351,PCell,-98.625,-13.0,-62.0625,0.10000000149011612,-4.800000190734863,2620,1056,-3,-15.125
2024-08-09 11:30:20.749554,LTE_PHY_Serv_Cell_Measurement,9360,1,449,2_SCell,-88.125,-15.4375,-55.625,-4.300000190734863,-3.5,4294965854,4294966158,-3,-15.25
2024-08-09 11:30:20.762786,LTE_PHY_Serv_Cell_Measurement,100,2,351,PCell,-98.6875,-13.0625,-61.8125,-1.899999976158142,-5.199999809265137,1048,4294967016,-3,-15.6875
2024-08-09 11:30:20.762786,LTE_PHY_Serv_Cell_Measurement,9360,1,449,2_SCell,-88.125,-15.5,-52.9375,-5.599999904632568,-4.0,4294965886,4294966170,-3,-17.8125
2024-08-09 11:30:20.769581,LTE_PHY_Serv_Cell_Measurement,100,1,351,PCell,-98.75,-13.0625,-64.625,8.0,3.799999952316284,907,4294966892,-3,-14.5
2024-08-09 11:30:20.769581,LTE_PHY_Serv_Cell_Measurement,9360,1,449,2_SCell,-88.0625,-15.5,-55.0625,-3.5,-3.200000047683716,4294965886,4294966206,-3,-15.75
2024-08-09 11:30:20.779102,LTE_PHY_Serv_Cell_Measurement,100,1,351,PCell,-98.75,-13.0625,-64.125,-0.4000000059604645,-3.299999952316284,699,4294966694,-2,-14.1875
2024-08-09 11:30:20.779102,LTE_PHY_Serv_Cell_Measurement,9360,1,449,2_SCell,-88.0625,-15.5,-55.0625,-4.0,-3.299999952316284,4294965901,4294966228,-2,-15.75
2024-08-09 11:30:20.789581,LTE_PHY_Serv_Cell_Measurement,100,1,351,PCell,-98.8125,-13.125,-61.4375,-1.7999999523162842,-5.699999809265137,430,4294966463,-2,-15.6875
2024-08-09 11:30:20.789581,LTE_PHY_Serv_Cell_Measurement,9360,1,449,2_SCell,-88.0625,-15.5,-53.4375,-4.5,-3.299999952316284,4294965886,4294966206,-2,-16.375
2024-08-09 11:30:20.802739,LTE_PHY_Serv_Cell_Measurement,100,2,351,PCell,-98.8125,-13.125,-62.4375,-2.5,-6.599999904632568,84,4294966121,-2,-13.8125
2024-08-09 11:30:20.802739,LTE_PHY_Serv_Cell_Measurement,9360,1,449,2_SCell,-88.0,-15.5,-55.3125,-3.5,-1.899999976158142,4294965916,4294966262,-2,-15.0625
2024-08-09 11:30:20.810049,LTE_PHY_Serv_Cell_Measurement,100,1,351,PCell,-98.8125,-13.1875,-61.75,-3.0999999046325684,-5.599999904632568,43,4294966109,-2,-15.9375
2024-08-09 11:30:20.810049,LTE_PHY_Serv_Cell_Measurement,9360,1,449,2_SCell,-88.0,-15.5,-55.9375,-5.0,-3.299999952316284,4294965916,4294966262,-2,-14.5625
2024-08-09 11:30:20.819107,LTE_PHY_Serv_Cell_Measurement,100,1,351,PCell,-98.8125,-13.1875,-61.9375,-3.5,-6.599999904632568,4294967128,4294965931,-2,-15.625
2024-08-09 11:30:20.819107,LTE_PHY_Serv_Cell_Measurement,9360,1,449,2_SCell,-87.9375,-15.5,-55.25,-4.099999904632568,-3.200000047683716,4294965901,4294966262,-2,-15.5
2024-08-09 11:30:20.829544,LTE_PHY_Serv_Cell_Measurement,100,1,351,PCell,-98.875,-13.1875,-65.375,9.199999809265137,5.0,4294967215,4294966003,-2,-14.0625
2024-08-09 11:30:20.829544,LTE_PHY_Serv_Cell_Measurement,9360,1,449,2_SCell,-87.9375,-15.5,-53.25,-5.5,-4.599999904632568,4294965886,4294966295,-2,-17.5
2024-08-09 11:30:20.842752,LTE_PHY_Serv_Cell_Measurement,100,2,351,PCell,-98.9375,-13.25,-61.875,-2.0999999046325684,-5.5,150,4294966262,-2,-16.125
2024-08-09 11:30:20.842752,LTE_PHY_Serv_Cell_Measurement,9360,1,449,2_SCell,-87.9375,-15.5625,-52.875,-3.5999999046325684,-2.9000000953674316,4294965901,4294966316,-2,-16.8125
2024-08-09 11:30:20.849596,LTE_PHY_Serv_Cell_Measurement,100,1,351,PCell,-99.0,-13.3125,-62.25,-3.700000047683716,-5.5,4294967201,4294966083,-2,-15.8125
2024-08-09 11:30:20.849596,LTE_PHY_Serv_Cell_Measurement,9360,1,449,2_SCell,-87.875,-15.5625,-52.75,-4.800000190734863,-2.5,4294965886,4294966305,-2,-16.75
2024-08-09 11:30:20.859613,LTE_PHY_Serv_Cell_Measurement,100,1,351,PCell,-99.0625,-13.3125,-65.4375,5.400000095367432,1.7999999523162842,4294967143,4294966057,-2,-14.375
2024-08-09 11:30:20.859613,LTE_PHY_Serv_Cell_Measurement,9360,1,449,2_SCell,-87.8125,-15.5625,-53.0625,-5.300000190734863,-3.0999999046325684,4294965886,4294966295,-2,-16.3125
2024-08-09 11:30:20.869550,LTE_PHY_Serv_Cell_Measurement,100,1,351,PCell,-99.125,-13.375,-62.8125,-1.100000023841858,-4.099999904632568,104,4294966316,-2,-16.4375
2024-08-09 11:30:20.869550,LTE_PHY_Serv_Cell_Measurement,9360,1,449,2_SCell,-87.8125,-15.5625,-51.9375,-5.5,-3.799999952316284,4294965854,4294966284,-2,-17.875
2024-08-09 11:30:20.882800,LTE_PHY_Serv_Cell_Measurement,100,2,351,PCell,-99.25,-13.4375,-62.5,-3.700000047683716,-4.599999904632568,4294967038,4294966083,-2,-16.25
2024-08-09 11:30:20.882800,LTE_PHY_Serv_Cell_Measurement,9360,1,449,2_SCell,-87.75,-15.5625,-55.8125,-4.599999904632568,-2.9000000953674316,4294965755,4294966240,-2,-14.1875
2024-08-09 11:30:20.889549,LTE_PHY_Serv_Cell_Measurement,100,1,351,PCell,-99.3125,-13.4375,-64.0,1.0,-1.5,4294967044,4294966109,-2,-15.125
2024-08-09 11:30:20.889549,LTE_PHY_Serv_Cell_Measurement,9360,1,449,2_SCell,-87.6875,-15.5625,-51.875,-8.100000381469727,-4.599999904632568,4294965789,4294966251,-2,-18.375
2024-08-09 11:30:20.899098,LTE_PHY_Serv_Cell_Measurement,100,1,351,PCell,-99.375,-13.4375,-64.125,-3.299999952316284,-4.300000190734863,4294966965,4294966109,-2,-15.625
2024-08-09 11:30:20.899098,LTE_PHY_Serv_Cell_Measurement,9360,1,449,2_SCell,-87.6875,-15.625,-51.9375,-6.5,-4.199999809265137,4294965606,4294966096,-2,-17.4375
2024-08-09 11:30:20.909578,LTE_PHY_Serv_Cell_Measurement,100,1,351,PCell,-99.4375,-13.5,-66.375,11.199999809265137,10.0,4294967196,4294966367,-2,-14.5625
2024-08-09 11:30:20.909578,LTE_PHY_Serv_Cell_Measurement,9360,1,449,2_SCell,-87.625,-15.625,-52.8125,-4.699999809265137,-3.0,4294965645,4294966146,-2,-16.75
2024-08-09 11:30:20.922037,LTE_PHY_Serv_Cell_Measurement,100,2,351,PCell,-99.5625,-13.5,-66.25,-0.4000000059604645,-2.799999952316284,4294967172,4294966347,-3,-14.8125
2024-08-09 11:30:20.922037,LTE_PHY_Serv_Cell_Measurement,9360,1,449,2_SCell,-87.5625,-15.625,-52.9375,-4.5,-2.200000047683716,4294965719,4294966228,-3,-16.1875
2024-08-09 11:30:20.929640,LTE_PHY_Serv_Cell_Measurement,100,1,351,PCell,-99.625,-13.5,-66.375,10.399999618530273,8.199999809265137,131,4294966633,-3,-14.75
2024-08-09 11:30:20.929640,LTE_PHY_Serv_Cell_Measurement,9360,1,449,2_SCell,-87.5,-15.625,-52.9375,-4.699999809265137,-2.9000000953674316,4294965719,4294966228,-3,-16.1875
2024-08-09 11:30:20.939581,LTE_PHY_Serv_Cell_Measurement,100,1,351,PCell,-99.6875,-13.5,-66.625,2.0,0.30000001192092896,198,4294966731,-3,-14.0
2024-08-09 11:30:20.939581,LTE_PHY_Serv_Cell_Measurement,9360,1,449,2_SCell,-87.4375,-15.625,-52.5,-4.599999904632568,-3.5,4294965645,4294966158,-3,-16.9375
2024-08-09 11:30:20.949600,LTE_PHY_Serv_Cell_Measurement,100,1,351,PCell,-99.8125,-13.5625,-66.5,9.899999618530273,8.699999809265137,373,4294966917,-3,-15.25
2024-08-09 11:30:20.949600,LTE_PHY_Serv_Cell_Measurement,9360,1,449,2_SCell,-87.4375,-15.625,-55.4375,-2.799999952316284,-1.600000023841858,4294965755,4294966251,-3,-13.9375
2024-08-09 11:30:20.962772,LTE_PHY_Serv_Cell_Measurement,100,2,351,PCell,-99.9375,-13.5625,-66.3125,10.0,8.899999618530273,659,4294967210,-3,-14.4375
2024-08-09 11:30:20.962772,LTE_PHY_Serv_Cell_Measurement,9360,1,449,2_SCell,-87.375,-15.6875,-52.4375,-3.700000047683716,-2.200000047683716,4294965838,4294966336,-3,-17.5
2024-08-09 11:30:20.969600,LTE_PHY_Serv_Cell_Measurement,100,1,351,PCell,-100.0,-13.5625,-66.0625,6.400000095367432,6.300000190734863,846,146,-3,-15.25
2024-08-09 11:30:20.969600,LTE_PHY_Serv_Cell_Measurement,9360,1,449,2_SCell,-87.375,-15.6875,-52.4375,-3.9000000953674316,-2.4000000953674316,4294965886,4294966387,-3,-17.5
2024-08-09 11:30:20.979657,LTE_PHY_Serv_Cell_Measurement,100,1,351,PCell,-100.125,-13.5625,-66.875,8.100000381469727,7.099999904632568,934,269,-3,-14.5
2024-08-09 11:30:20.979657,LTE_PHY_Serv_Cell_Measurement,9360,1,449,2_SCell,-87.3125,-15.6875,-53.375,-3.5,-1.399999976158142,4294965931,4294966444,-3,-14.875
2024-08-09 11:30:20.989588,LTE_PHY_Serv_Cell_Measurement,100,1,351,PCell,-100.1875,-13.625,-67.1875,9.399999618530273,8.5,1194,561,-3,-14.625
2024-08-09 11:30:20.989588,LTE_PHY_Serv_Cell_Measurement,9360,1,449,2_SCell,-87.3125,-15.6875,-53.0,-3.0,-1.899999976158142,4294966003,4294966517,-3,-16.375
2024-08-09 11:30:21.001903,LTE_PHY_Serv_Cell_Measurement,100,2,351,PCell,-100.3125,-13.625,-67.125,9.100000381469727,7.800000190734863,1408,801,-3,-14.875
2024-08-09 11:30:21.001903,LTE_PHY_Serv_Cell_Measurement,9360,1,449,2_SCell,-87.25,-15.75,-51.0,-6.900000095367432,-4.699999809265137,4294965989,4294966454,-3,-18.625
2024-08-09 11:30:21.010025,LTE_PHY_Serv_Cell_Measurement,100,1,351,PCell,-100.375,-13.625,-67.375,9.800000190734863,9.300000190734863,1540,956,-3,-14.5
2024-08-09 11:30:21.010025,LTE_PHY_Serv_Cell_Measurement,9360,1,449,2_SCell,-87.1875,-15.75,-51.4375,-6.0,-3.299999952316284,4294965822,4294966326,-3,-17.9375
2024-08-09 11:30:21.019663,LTE_PHY_Serv_Cell_Measurement,100,1,351,PCell,-100.5,-13.625,-67.0625,9.0,8.399999618530273,1698,1134,-4,-14.875
2024-08-09 11:30:21.019663,LTE_PHY_Serv_Cell_Measurement,9360,1,449,2_SCell,-87.1875,-15.75,-53.0625,-4.599999904632568,-2.0999999046325684,4294965719,4294966217,-4,-15.625
2024-08-09 11:30:21.029610,LTE_PHY_Serv_Cell_Measurement,100,1,351,PCell,-100.5625,-13.625,-67.5625,10.5,10.399999618530273,1852,1329,-4,-14.4375
2024-08-09 11:30:21.029610,LTE_PHY_Serv_Cell_Measurement,9360,1,449,2_SCell,-87.125,-15.75,-51.0625,-5.300000190734863,-4.099999904632568,4294965664,4294966134,-4,-17.6875
2024-08-09 11:30:21.042727,LTE_PHY_Serv_Cell_Measurement,100,2,351,PCell,-100.625,-13.625,-68.0625,6.599999904632568,5.699999809265137,1896,1404,-4,-12.25
2024-08-09 11:30:21.042727,LTE_PHY_Serv_Cell_Measurement,9360,1,449,2_SCell,-87.0,-15.75,-54.6875,-3.5,-2.0999999046325684,4294965645,4294966134,-4,-13.875
2024-08-09 11:30:21.049015,LTE_PHY_Serv_Cell_Measurement,100,1,351,PCell,-100.6875,-13.625,-67.0,9.399999618530273,7.800000190734863,1782,1356,-4,-14.8125
2024-08-09 11:30:21.049015,LTE_PHY_Serv_Cell_Measurement,9360,1,449,2_SCell,-86.9375,-15.75,-51.9375,-3.0999999046325684,-2.299999952316284,4294965737,4294966217,-4,-16.875
2024-08-09 11:30:21.059609,LTE_PHY_Serv_Cell_Measurement,100,1,351,PCell,-100.75,-13.625,-67.1875,9.0,7.800000190734863,1676,1342,-4,-14.5625
2024-08-09 11:30:21.059609,LTE_PHY_Serv_Cell_Measurement,9360,1,449,2_SCell,-86.9375,-15.6875,-56.875,-3.0,-1.5,4294965737,4294966206,-4,-12.375
2024-08-09 11:30:21.069028,LTE_PHY_Serv_Cell_Measurement,100,1,351,PCell,-100.75,-13.6875,-67.125,10.899999618530273,9.699999809265137,1759,1378,-4,-14.5625
2024-08-09 11:30:21.069028,LTE_PHY_Serv_Cell_Measurement,9360,1,449,2_SCell,-86.875,-15.6875,-55.0,-3.200000047683716,-2.0999999046325684,4294965854,4294966316,-4,-14.6875
2024-08-09 11:30:21.082811,LTE_PHY_Serv_Cell_Measurement,100,2,351,PCell,-100.8125,-13.6875,-67.1875,9.699999809265137,8.199999809265137,1875,1434,-4,-14.4375
2024-08-09 11:30:21.082811,LTE_PHY_Serv_Cell_Measurement,9360,1,449,2_SCell,-86.9375,-15.6875,-52.75,-1.600000023841858,-0.4000000059604645,4294966030,4294966481,-4,-15.4375
2024-08-09 11:30:21.090011,LTE_PHY_Serv_Cell_Measurement,100,1,351,PCell,-100.875,-13.6875,-66.625,4.0,2.5,1894,1422,-4,-15.0
2024-08-09 11:30:21.090011,LTE_PHY_Serv_Cell_Measurement,9360,1,449,2_SCell,-86.875,-15.6875,-53.0,-3.5999999046325684,-2.4000000953674316,4294966109,4294966534,-4,-16.0625
2024-08-09 11:30:21.099108,LTE_PHY_Serv_Cell_Measurement,100,1,351,PCell,-100.875,-13.6875,-67.0,10.0,8.199999809265137,1691,1107,-3,-14.5
2024-08-09 11:30:21.099108,LTE_PHY_Serv_Cell_Measurement,9360,1,449,2_SCell,-86.875,-15.6875,-55.0625,-3.4000000953674316,-1.899999976158142,4294966170,4294966576,-3,-14.5625
2024-08-09 11:30:21.109610,LTE_PHY_Serv_Cell_Measurement,100,1,351,PCell,-100.9375,-13.6875,-67.25,11.5,10.199999809265137,1898,1321,-3,-14.25
2024-08-09 11:30:21.109610,LTE_PHY_Serv_Cell_Measurement,9360,1,449,2_SCell,-86.875,-15.625,-54.75,-2.0999999046325684,-1.100000023841858,4294966251,4294966601,-3,-14.625
2024-08-09 11:30:21.122801,LTE_PHY_Serv_Cell_Measurement,100,2,351,PCell,-101.0,-13.75,-67.1875,11.5,10.199999809265137,2000,1401,-3,-14.3125
2024-08-09 11:30:21.122801,LTE_PHY_Serv_Cell_Measurement,9360,1,449,2_SCell,-86.8125,-15.625,-53.6875,-3.4000000953674316,-2.0,4294966305,4294966633,-3,-15.5
2024-08-09 11:30:21.129562,LTE_PHY_Serv_Cell_Measurement,100,1,351,PCell,-101.0,-13.75,-67.25,10.800000190734863,9.699999809265137,2078,1483,-3,-14.1875
2024-08-09 11:30:21.129562,LTE_PHY_Serv_Cell_Measurement,9360,1,449,2_SCell,-86.75,-15.6875,-51.625,-6.400000095367432,-4.099999904632568,4294966146,4294966499,-3,-17.25
2024-08-09 11:30:21.139028,LTE_PHY_Serv_Cell_Measurement,100,1,351,PCell,-101.0,-13.75,-67.3125,10.399999618530273,8.800000190734863,2119,1554,-3,-14.0
2024-08-09 11:30:21.139028,LTE_PHY_Serv_Cell_Measurement,9360,1,449,2_SCell,-86.75,-15.6875,-51.5,-5.800000190734863,-4.5,4294965870,4294966316,-3,-17.3125
2024-08-09 11:30:21.149580,LTE_PHY_Serv_Cell_Measurement,100,1,351,PCell,-101.0,-13.75,-66.75,11.600000381469727,10.300000190734863,2171,1624,-3,-14.5
2024-08-09 11:30:21.149580,LTE_PHY_Serv_Cell_Measurement,9360,1,449,2_SCell,-86.6875,-15.6875,-51.5625,-7.199999809265137,-4.300000190734863,4294965737,4294966228,-3,-16.625
2024-08-09 11:30:21.162780,LTE_PHY_Serv_Cell_Measurement,100,2,351,PCell,-101.0625,-13.75,-66.3125,5.900000095367432,3.5999999046325684,1966,1415,-3,-14.875
2024-08-09 11:30:21.162780,LTE_PHY_Serv_Cell_Measurement,9360,1,449,2_SCell,-86.5625,-15.75,-51.5625,-5.5,-4.699999809265137,4294965719,4294966182,-3,-16.8125
2024-08-09 11:30:21.169579,LTE_PHY_Serv_Cell_Measurement,100,1,351,PCell,-101.0625,-13.75,-66.5625,6.900000095367432,5.199999809265137,1766,1160,-3,-14.5
2024-08-09 11:30:21.169579,LTE_PHY_Serv_Cell_Measurement,9360,1,449,2_SCell,-86.5625,-15.75,-51.875,-6.400000095367432,-4.5,4294965664,4294966121,-3,-16.4375
2024-08-09 11:30:21.179596,LTE_PHY_Serv_Cell_Measurement,100,1,351,PCell,-101.0625,-13.8125,-66.6875,11.399999618530273,10.5,1863,1278,-3,-14.3125
2024-08-09 11:30:21.179596,LTE_PHY_Serv_Cell_Measurement,9360,1,449,2_SCell,-86.5,-15.75,-51.0625,-4.900000095367432,-3.299999952316284,4294965645,4294966109,-3,-17.1875
2024-08-09 11:30:21.189580,LTE_PHY_Serv_Cell_Measurement,100,1,351,PCell,-101.0625,-13.8125,-67.125,12.0,10.399999618530273,2022,1443,-3,-13.9375
2024-08-09 11:30:21.189580,LTE_PHY_Serv_Cell_Measurement,9360,1,449,2_SCell,-86.4375,-15.75,-51.75,-6.0,-4.0,4294965683,4294966146,-3,-16.625
2024-08-09 11:30:21.202827,LTE_PHY_Serv_Cell_Measurement,100,2,351,PCell,-101.0,-13.8125,-66.875,13.0,11.300000190734863,2086,1491,-3,-14.0625
2024-08-09 11:30:21.202827,LTE_PHY_Serv_Cell_Measurement,9360,1,449,2_SCell,-86.375,-15.75,-52.8125,-3.9000000953674316,-2.5999999046325684,4294965664,4294966158,-3,-14.625
2024-08-09 11:30:21.209599,LTE_PHY_Serv_Cell_Measurement,100,1,351,PCell,-101.0,-13.8125,-66.375,11.5,10.300000190734863,2223,1616,-3,-14.4375
2024-08-09 11:30:21.209599,LTE_PHY_Serv_Cell_Measurement,9360,1,449,2_SCell,-86.3125,-15.75,-51.75,-1.7999999523162842,-0.699999988079071,4294965806,4294966251,-3,-16.9375
2024-08-09 11:30:21.219595,LTE_PHY_Serv_Cell_Measurement,100,1,351,PCell,-101.0,-13.8125,-66.9375,10.300000190734863,8.699999809265137,2157,1551,-3,-13.75
2024-08-09 11:30:21.219595,LTE_PHY_Serv_Cell_Measurement,9360,1,449,2_SCell,-86.3125,-15.8125,-51.5,-5.699999809265137,-4.300000190734863,4294965838,4294966295,-3,-17.375
2024-08-09 11:30:21.229578,LTE_PHY_Serv_Cell_Measurement,100,1,351,PCell,-101.0,-13.8125,-66.0625,16.299999237060547,13.800000190734863,2337,1714,-3,-14.5
2024-08-09 11:30:21.229578,LTE_PHY_Serv_Cell_Measurement,9360,1,449,2_SCell,-86.3125,-15.8125,-52.375,-4.900000095367432,-3.299999952316284,4294965737,4294966194,-3,-16.4375
2024-08-09 11:30:21.241823,LTE_PHY_Serv_Cell_Measurement,100,2,351,PCell,-100.9375,-13.8125,-65.4375,8.0,5.300000190734863,2490,1842,-3,-15.0
2024-08-09 11:30:21.241823,LTE_PHY_Serv_Cell_Measurement,9360,1,449,2_SCell,-86.25,-15.8125,-52.6875,-5.5,-2.700000047683716,4294965701,4294966182,-3,-16.25
2024-08-09 11:30:21.249574,LTE_PHY_Serv_Cell_Measurement,100,1,351,PCell,-100.9375,-13.875,-64.875,12.600000381469727,10.300000190734863,2347,1678,-3,-15.5
2024-08-09 11:30:21.249574,LTE_PHY_Serv_Cell_Measurement,9360,1,449,2_SCell,-86.25,-15.8125,-51.4375,-6.5,-3.5,4294965737,4294966240,-3,-17.5625
2024-08-09 11:30:21.259584,LTE_PHY_Serv_Cell_Measurement,100,1,351,PCell,-100.875,-13.875,-65.625,14.199999809265137,12.699999809265137,2392,1710,-3,-14.625
2024-08-09 11:30:21.259584,LTE_PHY_Serv_Cell_Measurement,9360,1,449,2_SCell,-86.25,-15.8125,-52.6875,-3.4000000953674316,-1.7999999523162842,4294965822,4294966316,-3,-15.625
2024-08-09 11:30:21.269585,LTE_PHY_Serv_Cell_Measurement,100,1,351,PCell,-100.875,-13.875,-66.0625,16.399999618530273,13.800000190734863,2415,1710,-3,-14.125
2024-08-09 11:30:21.269585,LTE_PHY_Serv_Cell_Measurement,9360,1,449,2_SCell,-86.25,-15.8125,-52.9375,-3.5,-2.700000047683716,4294965931,4294966397,-3,-15.875
2024-08-09 11:30:21.281907,LTE_PHY_Serv_Cell_Measurement,100,2,351,PCell,-100.8125,-13.875,-65.5625,9.899999618530273,7.099999904632568,2420,1648,-3,-14.4375
2024-08-09 11:30:21.281907,LTE_PHY_Serv_Cell_Measurement,9360,1,449,2_SCell,-86.25,-15.8125,-52.625,-4.0,-2.5999999046325684,4294966017,4294966463,-3,-16.25
2024-08-09 11:30:21.289574,LTE_PHY_Serv_Cell_Measurement,100,1,351,PCell,-100.75,-13.875,-66.5,10.5,8.5,2316,1506,-3,-13.4375
2024-08-09 11:30:21.289574,LTE_PHY_Serv_Cell_Measurement,9360,1,449,2_SCell,-86.25,-15.8125,-53.1875,-4.300000190734863,-2.700000047683716,4294965975,4294966397,-3,-15.25
2024-08-09 11:30:21.299116,LTE_PHY_Serv_Cell_Measurement,100,1,351,PCell,-100.75,-13.875,-64.125,0.0,-2.799999952316284,1834,1061,-3,-15.6875
2024-08-09 11:30:21.299116,LTE_PHY_Serv_Cell_Measurement,9360,1,449,2_SCell,-86.25,-15.8125,-53.75,-2.9000000953674316,-1.899999976158142,4294966030,4294966435,-3,-15.75
2024-08-09 11:30:21.309584,LTE_PHY_Serv_Cell_Measurement,100,1,351,PCell,-100.6875,-13.875,-65.75,4.0,1.100000023841858,1117,206,-3,-13.875
2024-08-09 11:30:21.309584,LTE_PHY_Serv_Cell_Measurement,9360,1,449,2_SCell,-86.3125,-15.8125,-53.875,-2.299999952316284,-1.0,4294966070,4294966416,-3,-15.5
2024-08-09 11:30:21.322784,LTE_PHY_Serv_Cell_Measurement,100,2,351,PCell,-100.625,-13.875,-65.25,9.800000190734863,6.5,1050,47,-3,-14.3125
2024-08-09 11:30:21.322784,LTE_PHY_Serv_Cell_Measurement,9360,1,449,2_SCell,-86.3125,-15.875,-51.4375,-4.699999809265137,-2.5,4294965901,4294966336,-3,-18.125
2024-08-09 11:30:21.329575,LTE_PHY_Serv_Cell_Measurement,100,1,351,PCell,-100.5625,-13.875,-65.9375,12.899999618530273,9.899999618530273,1207,191,-3,-13.625
2024-08-09 11:30:21.329575,LTE_PHY_Serv_Cell_Measurement,9360,1,449,2_SCell,-86.3125,-15.875,-53.5,-4.199999809265137,-2.299999952316284,4294965886,4294966316,-3,-16.0
2024-08-09 11:30:21.339615,LTE_PHY_Serv_Cell_Measurement,100,1,351,PCell,-100.5,-13.875,-65.4375,13.5,10.5,1410,421,-3,-14.1875
2024-08-09 11:30:21.339615,LTE_PHY_Serv_Cell_Measurement,9360,1,449,2_SCell,-86.3125,-15.875,-53.5,-1.0,1.399999976158142,4294965901,4294966377,-3,-15.75
2024-08-09 11:30:21.349557,LTE_PHY_Serv_Cell_Measurement,100,1,351,PCell,-100.5,-13.875,-65.4375,15.0,10.100000381469727,1627,637,-3,-14.25
2024-08-09 11:30:21.349557,LTE_PHY_Serv_Cell_Measurement,9360,1,449,2_SCell,-86.375,-15.875,-53.3125,-2.9000000953674316,-2.299999952316284,4294966003,4294966454,-3,-16.5625
2024-08-09 11:30:21.362029,LTE_PHY_Serv_Cell_Measurement,100,2,351,PCell,-100.4375,-13.875,-65.75,12.399999618530273,10.199999809265137,1745,809,-2,-14.0625
2024-08-09 11:30:21.362029,LTE_PHY_Serv_Cell_Measurement,9360,1,449,2_SCell,-86.4375,-15.875,-55.0625,-3.9000000953674316,-2.700000047683716,4294966158,4294966543,-2,-15.5
2024-08-09 11:30:21.369600,LTE_PHY_Serv_Cell_Measurement,100,1,351,PCell,-100.375,-13.875,-66.375,14.199999809265137,9.899999618530273,1896,962,-2,-13.4375
2024-08-09 11:30:21.369600,LTE_PHY_Serv_Cell_Measurement,9360,1,449,2_SCell,-86.5,-15.8125,-55.375,-3.9000000953674316,-2.4000000953674316,4294966228,4294966568,-2,-15.125
2024-08-09 11:30:21.379581,LTE_PHY_Serv_Cell_Measurement,100,1,351,PCell,-100.375,-13.875,-65.75,11.899999618530273,7.300000190734863,1960,985,-2,-14.0625
2024-08-09 11:30:21.379581,LTE_PHY_Serv_Cell_Measurement,9360,1,449,2_SCell,-86.5625,-15.875,-52.625,-3.0,-2.4000000953674316,4294966273,4294966601,-2,-17.6875
2024-08-09 11:30:21.389618,LTE_PHY_Serv_Cell_Measurement,100,1,351,PCell,-100.3125,-13.875,-65.875,13.5,10.399999618530273,2200,1223,-2,-13.9375
2024-08-09 11:30:21.389618,LTE_PHY_Serv_Cell_Measurement,9360,1,449,2_SCell,-86.5625,-15.875,-54.4375,-2.799999952316284,-1.2999999523162842,4294966228,4294966551,-2,-15.625
2024-08-09 11:30:21.402833,LTE_PHY_Serv_Cell_Measurement,100,2,351,PCell,-100.3125,-13.875,-66.125,12.199999809265137,8.800000190734863,2360,1337,-2,-13.6875
2024-08-09 11:30:21.402834,LTE_PHY_Serv_Cell_Measurement,9360,1,449,2_SCell,-86.5625,-15.875,-52.5625,-3.299999952316284,-2.700000047683716,4294966262,4294966551,-2,-17.3125
2024-08-09 11:30:21.409531,LTE_PHY_Serv_Cell_Measurement,100,1,351,PCell,-100.25,-13.875,-66.0625,13.399999618530273,10.899999618530273,2505,1488,-2,-13.6875
2024-08-09 11:30:21.409531,LTE_PHY_Serv_Cell_Measurement,9360,1,449,2_SCell,-86.5625,-15.875,-52.0625,-6.400000095367432,-4.099999904632568,4294966170,4294966481,-2,-17.625
2024-08-09 11:30:21.419634,LTE_PHY_Serv_Cell_Measurement,100,1,351,PCell,-100.25,-13.875,-65.625,11.699999809265137,4.900000095367432,2614,1522,-2,-14.125
2024-08-09 11:30:21.419634,LTE_PHY_Serv_Cell_Measurement,9360,1,449,2_SCell,-86.5625,-15.875,-53.375,-5.0,-4.0,4294965901,4294966305,-2,-16.125
2024-08-09 11:30:21.429554,LTE_PHY_Serv_Cell_Measurement,100,1,351,PCell,-100.25,-13.875,-66.1875,18.0,12.5,2724,1487,-2,-13.5
2024-08-09 11:30:21.429554,LTE_PHY_Serv_Cell_Measurement,9360,1,449,2_SCell,-86.5625,-15.875,-53.875,-4.199999809265137,-2.299999952316284,4294965838,4294966262,-2,-14.75
2024-08-09 11:30:21.442809,LTE_PHY_Serv_Cell_Measurement,100,2,351,PCell,-100.1875,-13.875,-65.8125,17.899999618530273,13.899999618530273,2886,1615,-2,-13.875
2024-08-09 11:30:21.442809,LTE_PHY_Serv_Cell_Measurement,9360,1,449,2_SCell,-86.5625,-15.875,-52.875,-2.4000000953674316,-1.100000023841858,4294965946,4294966336,-2,-16.875
2024-08-09 11:30:21.449579,LTE_PHY_Serv_Cell_Measurement,100,1,351,PCell,-100.1875,-13.875,-65.3125,17.0,12.399999618530273,2990,1727,-2,-14.375
2024-08-09 11:30:21.449579,LTE_PHY_Serv_Cell_Measurement,9360,1,449,2_SCell,-86.625,-15.9375,-52.8125,-4.599999904632568,-3.0999999046325684,4294965960,4294966347,-2,-17.0
2024-08-09 11:30:21.459596,LTE_PHY_Serv_Cell_Measurement,100,1,351,PCell,-100.125,-13.875,-65.9375,12.699999809265137,8.600000381469727,3043,1747,-2,-13.6875
2024-08-09 11:30:21.459596,LTE_PHY_Serv_Cell_Measurement,9360,1,449,2_SCell,-86.625,-15.9375,-53.4375,-4.699999809265137,-3.200000047683716,4294965989,4294966357,-2,-16.4375
2024-08-09 11:30:21.469573,LTE_PHY_Serv_Cell_Measurement,100,1,351,PCell,-100.125,-13.875,-65.5,12.800000190734863,9.600000381469727,3069,1794,-2,-14.125
2024-08-09 11:30:21.469573,LTE_PHY_Serv_Cell_Measurement,9360,1,449,2_SCell,-86.625,-15.9375,-52.875,-4.400000095367432,-3.200000047683716,4294966003,4294966336,-2,-17.125
2024-08-09 11:30:21.481826,LTE_PHY_Serv_Cell_Measurement,100,2,351,PCell,-100.0625,-13.9375,-63.1875,-1.899999976158142,-7.900000095367432,2065,826,-2,-15.5
2024-08-09 11:30:21.481826,LTE_PHY_Serv_Cell_Measurement,9360,1,449,2_SCell,-86.625,-15.9375,-52.8125,-3.4000000953674316,-2.200000047683716,4294966030,4294966336,-2,-17.25
2024-08-09 11:30:21.490013,LTE_PHY_Serv_Cell_Measurement,100,1,351,PCell,-100.0625,-13.9375,-63.125,-2.700000047683716,-7.800000190734863,706,4294966499,-2,-14.9375
2024-08-09 11:30:21.490013,LTE_PHY_Serv_Cell_Measurement,9360,1,449,2_SCell,-86.6875,-15.9375,-53.5,-3.299999952316284,-2.299999952316284,4294966083,4294966336,-2,-16.25
2024-08-09 11:30:21.499108,LTE_PHY_Serv_Cell_Measurement,100,1,351,PCell,-100.0,-13.9375,-63.5,-2.700000047683716,-7.0,187,4294965916,-3,-15.375
2024-08-09 11:30:21.499108,LTE_PHY_Serv_Cell_Measurement,9360,1,449,2_SCell,-86.6875,-16.0,-52.3125,-6.599999904632568,-3.5999999046325684,4294966030,4294966316,-3,-17.8125
2024-08-09 11:30:21.509607,LTE_PHY_Serv_Cell_Measurement,100,1,351,PCell,-99.9375,-14.0,-62.875,-2.5,-6.400000095367432,4294967224,4294965626,-2,-15.375
2024-08-09 11:30:21.509607,LTE_PHY_Serv_Cell_Measurement,9360,1,449,2_SCell,-86.6875,-16.0,-51.9375,-7.800000190734863,-5.699999809265137,4294965755,4294966096,-2,-18.125
2024-08-09 11:30:21.522769,LTE_PHY_Serv_Cell_Measurement,100,2,351,PCell,-99.875,-13.9375,-63.6875,0.699999988079071,-4.199999809265137,4294967102,4294965480,-2,-13.1875
2024-08-09 11:30:21.522769,LTE_PHY_Serv_Cell_Measurement,9360,1,449,2_SCell,-86.75,-16.0625,-52.1875,-6.400000095367432,-4.199999809265137,4294965586,4294965916,-2,-17.8125
2024-08-09 11:30:21.529558,LTE_PHY_Serv_Cell_Measurement,100,1,351,PCell,-99.875,-13.9375,-65.25,7.800000190734863,2.299999952316284,4294967210,4294965566,-2,-13.5
2024-08-09 11:30:21.529558,LTE_PHY_Serv_Cell_Measurement,9360,1,449,2_SCell,-86.75,-16.0625,-52.4375,-6.099999904632568,-4.0,4294965502,4294965854,-2,-17.625
2024-08-09 11:30:21.539592,LTE_PHY_Serv_Cell_Measurement,100,1,351,PCell,-99.8125,-13.9375,-65.125,10.5,6.099999904632568,146,4294965806,-2,-14.25
2024-08-09 11:30:21.539592,LTE_PHY_Serv_Cell_Measurement,9360,1,449,2_SCell,-86.75,-16.0625,-52.375,-6.699999809265137,-4.300000190734863,4294965435,4294965789,-2,-17.75
2024-08-09 11:30:21.549565,LTE_PHY_Serv_Cell_Measurement,100,1,351,PCell,-99.8125,-13.9375,-65.375,17.700000762939453,14.300000190734863,430,4294966146,-2,-14.1875
2024-08-09 11:30:21.549565,LTE_PHY_Serv_Cell_Measurement,9360,1,449,2_SCell,-86.8125,-16.0625,-53.375,-6.300000190734863,-4.5,4294965435,4294965737,-2,-16.875
2024-08-09 11:30:21.562790,LTE_PHY_Serv_Cell_Measurement,100,2,351,PCell,-99.8125,-13.9375,-66.25,14.100000381469727,8.100000381469727,762,4294966472,-2,-13.375
2024-08-09 11:30:21.562790,LTE_PHY_Serv_Cell_Measurement,9360,1,449,2_SCell,-86.8125,-16.125,-53.125,-3.0999999046325684,-2.700000047683716,4294965458,4294965772,-2,-17.4375
2024-08-09 11:30:21.569602,LTE_PHY_Serv_Cell_Measurement,100,1,351,PCell,-99.8125,-13.9375,-66.1875,13.899999618530273,8.899999618530273,965,4294966702,-2,-13.5625
2024-08-09 11:30:21.569602,LTE_PHY_Serv_Cell_Measurement,9360,1,449,2_SCell,-86.875,-16.125,-53.125,-3.0,-2.700000047683716,4294965586,4294965854,-2,-17.25
2024-08-09 11:30:21.579623,LTE_PHY_Serv_Cell_Measurement,100,1,351,PCell,-99.8125,-13.9375,-65.8125,14.800000190734863,11.800000190734863,1236,4294967016,-2,-14.0625
2024-08-09 11:30:21.579623,LTE_PHY_Serv_Cell_Measurement,9360,1,449,2_SCell,-86.9375,-16.125,-54.1875,-4.5,-3.5999999046325684,4294965737,4294965946,-2,-16.5625
2024-08-09 11:30:21.589569,LTE_PHY_Serv_Cell_Measurement,100,1,351,PCell,-99.8125,-13.9375,-65.9375,16.299999237060547,13.100000381469727,1566,104,-2,-14.0
2024-08-09 11:30:21.589569,LTE_PHY_Serv_Cell_Measurement,9360,1,449,2_SCell,-86.9375,-16.1875,-51.875,-8.600000381469727,-6.099999904632568,4294965789,4294965975,-2,-18.5
2024-08-09 11:30:21.602789,LTE_PHY_Serv_Cell_Measurement,100,2,351,PCell,-99.8125,-13.9375,-66.1875,11.5,7.800000190734863,1891,462,-2,-13.75
2024-08-09 11:30:21.602789,LTE_PHY_Serv_Cell_Measurement,9360,1,449,2_SCell,-87.0,-16.1875,-52.9375,-5.900000095367432,-4.5,4294965626,4294965854,-2,-17.75
2024-08-09 11:30:21.609624,LTE_PHY_Serv_Cell_Measurement,100,1,351,PCell,-99.8125,-13.9375,-66.0625,17.200000762939453,14.0,2095,680,-2,-13.9375
2024-08-09 11:30:21.609624,LTE_PHY_Serv_Cell_Measurement,9360,1,449,2_SCell,-87.0625,-16.1875,-53.4375,-2.299999952316284,-1.5,4294965701,4294965886,-2,-16.625
2024-08-09 11:30:21.619615,LTE_PHY_Serv_Cell_Measurement,100,1,351,PCell,-99.8125,-13.9375,-65.8125,10.300000190734863,7.199999809265137,2246,864,-2,-14.1875
2024-08-09 11:30:21.619615,LTE_PHY_Serv_Cell_Measurement,9360,1,449,2_SCell,-87.0625,-16.25,-51.9375,-5.199999809265137,-3.0,4294965719,4294965931,-2,-18.3125
2024-08-09 11:30:21.629591,LTE_PHY_Serv_Cell_Measurement,100,1,351,PCell,-99.8125,-13.9375,-67.25,14.0,12.199999809265137,2386,1078,-2,-12.75
2024-08-09 11:30:21.629591,LTE_PHY_Serv_Cell_Measurement,9360,1,449,2_SCell,-87.125,-16.25,-53.0625,-3.5,-2.4000000953674316,4294965737,4294965916,-2,-17.3125
2024-08-09 11:30:21.642821,LTE_PHY_Serv_Cell_Measurement,100,2,351,PCell,-99.875,-13.9375,-66.0625,15.199999809265137,12.100000381469727,2442,1163,-2,-14.0
2024-08-09 11:30:21.642821,LTE_PHY_Serv_Cell_Measurement,9360,1,449,2_SCell,-87.125,-16.25,-53.5,-4.0,-3.4000000953674316,4294965854,4294965975,-2,-16.6875
2024-08-09 11:30:21.649564,LTE_PHY_Serv_Cell_Measurement,100,1,351,PCell,-99.875,-13.9375,-66.5625,13.300000190734863,9.199999809265137,2491,1257,-2,-13.375
2024-08-09 11:30:21.649564,LTE_PHY_Serv_Cell_Measurement,9360,1,449,2_SCell,-87.1875,-16.25,-54.375,-4.0,-2.9000000953674316,4294965789,4294965946,-2,-16.3125
2024-08-09 11:30:21.659611,LTE_PHY_Serv_Cell_Measurement,100,1,351,PCell,-99.875,-13.9375,-65.6875,11.300000190734863,7.699999809265137,2625,1451,-2,-14.0
2024-08-09 11:30:21.659611,LTE_PHY_Serv_Cell_Measurement,9360,1,449,2_SCell,-87.1875,-16.25,-53.375,-4.199999809265137,-3.9000000953674316,4294965854,4294966017,-2,-17.5625
2024-08-09 11:30:21.669587,LTE_PHY_Serv_Cell_Measurement,100,1,351,PCell,-99.875,-13.9375,-66.6875,15.5,13.100000381469727,2702,1578,-2,-13.375
2024-08-09 11:30:21.669587,LTE_PHY_Serv_Cell_Measurement,9360,1,449,2_SCell,-87.25,-16.3125,-51.9375,-6.699999809265137,-4.400000095367432,4294965870,4294966017,-2,-18.4375
2024-08-09 11:30:21.682566,LTE_PHY_Serv_Cell_Measurement,100,2,351,PCell,-99.875,-13.9375,-65.75,11.699999809265137,10.0,2822,1780,-2,-14.25
2024-08-09 11:30:21.682566,LTE_PHY_Serv_Cell_Measurement,9360,1,449,2_SCell,-87.25,-16.3125,-53.625,-4.099999904632568,-3.9000000953674316,4294965772,4294965854,-2,-16.125
2024-08-09 11:30:21.690025,LTE_PHY_Serv_Cell_Measurement,100,1,351,PCell,-99.875,-13.9375,-65.625,4.900000095367432,1.2000000476837158,2770,1751,-2,-14.4375
2024-08-09 11:30:21.690025,LTE_PHY_Serv_Cell_Measurement,9360,1,449,2_SCell,-87.3125,-16.3125,-52.5625,-7.199999809265137,-4.699999809265137,4294965806,4294965870,-2,-18.125
2024-08-09 11:30:21.699102,LTE_PHY_Serv_Cell_Measurement,100,1,351,PCell,-99.9375,-13.9375,-65.8125,8.300000190734863,5.699999809265137,2285,1380,-2,-14.125
2024-08-09 11:30:21.699102,LTE_PHY_Serv_Cell_Measurement,9360,1,449,2_SCell,-87.3125,-16.3125,-53.4375,-4.0,-3.5999999046325684,4294965701,4294965806,-2,-16.125
2024-08-09 11:30:21.709571,LTE_PHY_Serv_Cell_Measurement,100,1,351,PCell,-99.9375,-13.9375,-66.1875,11.899999618530273,9.199999809265137,2347,1468,-2,-13.875
2024-08-09 11:30:21.709571,LTE_PHY_Serv_Cell_Measurement,9360,1,449,2_SCell,-87.375,-16.3125,-52.5625,-4.0,-4.099999904632568,4294965789,4294965870,-2,-18.0625
2024-08-09 11:30:21.722553,LTE_PHY_Serv_Cell_Measurement,100,2,351,PCell,-99.9375,-13.9375,-65.9375,13.600000381469727,10.0,2372,1403,-2,-13.8125
2024-08-09 11:30:21.722553,LTE_PHY_Serv_Cell_Measurement,9360,1,449,2_SCell,-87.375,-16.3125,-54.0625,-4.400000095367432,-4.5,4294965737,4294965806,-2,-15.75
2024-08-09 11:30:21.729022,LTE_PHY_Serv_Cell_Measurement,100,1,351,PCell,-99.9375,-13.9375,-66.0,12.300000190734863,10.100000381469727,2465,1486,-2,-13.8125
2024-08-09 11:30:21.729022,LTE_PHY_Serv_Cell_Measurement,9360,1,449,2_SCell,-87.4375,-16.375,-52.4375,-8.300000190734863,-6.300000190734863,4294965719,4294965772,-2,-18.5625
2024-08-09 11:30:21.739619,LTE_PHY_Serv_Cell_Measurement,100,1,351,PCell,-99.9375,-13.9375,-65.9375,15.199999809265137,12.0,2656,1696,-2,-14.0625
2024-08-09 11:30:21.739619,LTE_PHY_Serv_Cell_Measurement,9360,1,449,2_SCell,-87.4375,-16.3125,-56.125,-4.400000095367432,-4.5,4294965683,4294965701,-2,-15.0
2024-08-09 11:30:21.749021,LTE_PHY_Serv_Cell_Measurement,100,1,351,PCell,-99.9375,-13.9375,-65.8125,18.399999618530273,15.199999809265137,2709,1720,-2,-13.875
2024-08-09 11:30:21.749021,LTE_PHY_Serv_Cell_Measurement,9360,1,449,2_SCell,-87.5,-16.375,-53.5625,-4.0,-4.099999904632568,4294965789,4294965854,-2,-17.5625
2024-08-09 11:30:21.762760,LTE_PHY_Serv_Cell_Measurement,100,2,351,PCell,-99.9375,-13.9375,-65.9375,16.5,12.699999809265137,2831,1825,-2,-14.1875
2024-08-09 11:30:21.762760,LTE_PHY_Serv_Cell_Measurement,9360,1,449,2_SCell,-87.5625,-16.3125,-56.125,-3.0,-2.700000047683716,4294965901,4294965960,-2,-15.125
2024-08-09 11:30:21.769563,LTE_PHY_Serv_Cell_Measurement,100,1,351,PCell,-100.0,-13.9375,-65.5,10.699999809265137,8.699999809265137,2941,1967,-3,-12.9375
2024-08-09 11:30:21.769563,LTE_PHY_Serv_Cell_Measurement,9360,1,449,2_SCell,-87.625,-16.3125,-55.9375,-4.199999809265137,-4.199999809265137,4294965946,4294966017,-3,-15.5625
2024-08-09 11:30:21.779630,LTE_PHY_Serv_Cell_Measurement,100,1,351,PCell,-100.0,-13.9375,-65.125,8.600000381469727,6.300000190734863,2880,1890,-3,-14.125
2024-08-09 11:30:21.779630,LTE_PHY_Serv_Cell_Measurement,9360,1,449,2_SCell,-87.6875,-16.3125,-55.75,-4.900000095367432,-4.199999809265137,4294966083,4294966121,-3,-15.8125
2024-08-09 11:30:21.789577,LTE_PHY_Serv_Cell_Measurement,100,1,351,PCell,-100.0,-13.9375,-65.5,3.9000000953674316,0.699999988079071,2548,1494,-3,-13.375
2024-08-09 11:30:21.789577,LTE_PHY_Serv_Cell_Measurement,9360,1,449,2_SCell,-87.6875,-16.3125,-55.75,-3.5999999046325684,-3.700000047683716,4294966044,4294966083,-3,-15.3125
2024-08-09 11:30:21.802821,LTE_PHY_Serv_Cell_Measurement,100,2,351,PCell,-99.9375,-13.9375,-64.875,14.600000381469727,13.199999809265137,2623,1609,-2,-13.875
2024-08-09 11:30:21.802821,LTE_PHY_Serv_Cell_Measurement,9360,1,449,2_SCell,-87.75,-16.3125,-55.8125,-3.299999952316284,-2.700000047683716,4294966146,4294966182,-2,-15.5625
2024-08-09 11:30:21.809636,LTE_PHY_Serv_Cell_Measurement,100,1,351,PCell,-99.9375,-13.9375,-66.125,14.0,11.899999618530273,2674,1685,-2,-13.25
2024-08-09 11:30:21.809636,LTE_PHY_Serv_Cell_Measurement,9360,1,449,2_SCell,-87.8125,-16.3125,-55.25,-5.900000095367432,-4.699999809265137,4294966146,4294966158,-2,-15.875
2024-08-09 11:30:21.819629,LTE_PHY_Serv_Cell_Measurement,100,1,351,PCell,-100.0,-13.9375,-64.9375,6.699999809265137,1.600000023841858,2668,1749,-3,-14.0625
2024-08-09 11:30:21.819629,LTE_PHY_Serv_Cell_Measurement,9360,1,449,2_SCell,-87.8125,-16.3125,-54.125,-2.5999999046325684,-1.7999999523162842,4294966146,4294966206,-3,-16.5
2024-08-09 11:30:21.829594,LTE_PHY_Serv_Cell_Measurement,100,1,351,PCell,-99.9375,-13.9375,-64.875,13.199999809265137,10.600000381469727,2438,1415,-2,-13.875
2024-08-09 11:30:21.829594,LTE_PHY_Serv_Cell_Measurement,9360,1,449,2_SCell,-87.8125,-16.3125,-53.1875,-4.099999904632568,-4.0,4294966240,4294966273,-2,-17.4375
2024-08-09 11:30:21.842774,LTE_PHY_Serv_Cell_Measurement,100,2,351,PCell,-99.9375,-13.9375,-64.5,11.800000190734863,9.399999618530273,2508,1497,-2,-14.0
2024-08-09 11:30:21.842774,LTE_PHY_Serv_Cell_Measurement,9360,1,449,2_SCell,-87.8125,-16.3125,-52.4375,-5.800000190734863,-5.599999904632568,4294966217,4294966284,-2,-18.3125
2024-08-09 11:30:21.849595,LTE_PHY_Serv_Cell_Measurement,100,1,351,PCell,-99.9375,-13.9375,-65.0625,11.600000381469727,10.0,2483,1549,-2,-13.625
2024-08-09 11:30:21.849595,LTE_PHY_Serv_Cell_Measurement,9360,1,449,2_SCell,-87.8125,-16.3125,-53.8125,-5.099999904632568,-4.0,4294966083,4294966170,-2,-16.6875
2024-08-09 11:30:21.859610,LTE_PHY_Serv_Cell_Measurement,100,1,351,PCell,-99.875,-13.9375,-65.125,10.699999809265137,8.300000190734863,2449,1562,-2,-13.75
2024-08-09 11:30:21.859610,LTE_PHY_Serv_Cell_Measurement,9360,1,449,2_SCell,-87.8125,-16.3125,-55.75,-3.9000000953674316,-3.5,4294966096,4294966182,-2,-14.75
2024-08-09 11:30:21.869519,LTE_PHY_Serv_Cell_Measurement,100,1,351,PCell,-99.875,-13.9375,-65.25,13.399999618530273,12.199999809265137,2508,1589,-2,-12.5625
2024-08-09 11:30:21.869519,LTE_PHY_Serv_Cell_Measurement,9360,1,449,2_SCell,-87.8125,-16.3125,-55.75,-2.5999999046325684,-1.7999999523162842,4294966146,4294966251,-2,-15.25
2024-08-09 11:30:21.882775,LTE_PHY_Serv_Cell_Measurement,100,2,351,PCell,-99.8125,-13.9375,-64.625,7.699999809265137,5.300000190734863,2557,1646,-2,-13.8125
2024-08-09 11:30:21.882775,LTE_PHY_Serv_Cell_Measurement,9360,1,449,2_SCell,-87.8125,-16.3125,-53.25,-2.9000000953674316,-1.600000023841858,4294966170,4294966284,-2,-17.875
2024-08-09 11:30:21.890012,LTE_PHY_Serv_Cell_Measurement,100,1,351,PCell,-99.75,-13.9375,-64.1875,12.0,11.300000190734863,2606,1759,-2,-14.125
2024-08-09 11:30:21.890012,LTE_PHY_Serv_Cell_Measurement,9360,1,449,2_SCell,-87.8125,-16.3125,-55.75,-4.800000190734863,-3.700000047683716,4294966170,4294966284,-2,-15.3125
2024-08-09 11:30:21.899106,LTE_PHY_Serv_Cell_Measurement,100,1,351,PCell,-99.75,-13.9375,-64.8125,11.899999618530273,10.5,2662,1860,-4,-13.875
2024-08-09 11:30:21.899106,LTE_PHY_Serv_Cell_Measurement,9360,1,449,2_SCell,-87.875,-16.3125,-55.6875,-3.0999999046325684,-2.200000047683716,4294966134,4294966262,-4,-15.4375
2024-08-09 11:30:21.909603,LTE_PHY_Serv_Cell_Measurement,100,1,351,PCell,-99.6875,-13.9375,-64.4375,13.0,11.899999618530273,2714,1935,-4,-14.1875
2024-08-09 11:30:21.909603,LTE_PHY_Serv_Cell_Measurement,9360,1,449,2_SCell,-87.875,-16.25,-57.0,-2.5,-1.899999976158142,4294966170,4294966305,-4,-14.0625
2024-08-09 11:30:21.922815,LTE_PHY_Serv_Cell_Measurement,100,2,351,PCell,-99.625,-13.9375,-63.375,12.5,8.5,2772,1996,-4,-14.0
2024-08-09 11:30:21.922815,LTE_PHY_Serv_Cell_Measurement,9360,1,449,2_SCell,-87.8125,-16.3125,-54.125,-2.700000047683716,-1.600000023841858,4294966228,4294966347,-4,-16.5625
2024-08-09 11:30:21.929600,LTE_PHY_Serv_Cell_Measurement,100,1,351,PCell,-99.5625,-13.9375,-64.125,12.100000381469727,9.5,2762,1996,-4,-13.6875
2024-08-09 11:30:21.929600,LTE_PHY_Serv_Cell_Measurement,9360,1,449,2_SCell,-87.8125,-16.3125,-53.5625,-3.4000000953674316,-2.0,4294966217,4294966367,-4,-16.875
2024-08-09 11:30:21.939644,LTE_PHY_Serv_Cell_Measurement,100,1,351,PCell,-99.5,-13.9375,-64.4375,12.0,10.0,2637,1798,-4,-13.5
2024-08-09 11:30:21.939644,LTE_PHY_Serv_Cell_Measurement,9360,1,449,2_SCell,-87.8125,-16.3125,-52.3125,-5.300000190734863,-3.799999952316284,4294966217,4294966387,-4,-17.6875
2024-08-09 11:30:21.949575,LTE_PHY_Serv_Cell_Measurement,100,1,351,PCell,-99.5,-13.875,-64.3125,13.199999809265137,9.100000381469727,2658,1872,-4,-13.4375
2024-08-09 11:30:21.949575,LTE_PHY_Serv_Cell_Measurement,9360,1,449,2_SCell,-87.8125,-16.3125,-52.9375,-4.199999809265137,-3.0999999046325684,4294966083,4294966295,-4,-17.3125
2024-08-09 11:30:21.962786,LTE_PHY_Serv_Cell_Measurement,100,2,351,PCell,-99.375,-13.875,-63.375,13.600000381469727,10.199999809265137,2694,1868,-3,-13.6875
2024-08-09 11:30:21.962786,LTE_PHY_Serv_Cell_Measurement,9360,1,449,2_SCell,-87.75,-16.3125,-53.125,-3.700000047683716,-2.0,4294966158,4294966367,-3,-16.75
2024-08-09 11:30:21.969582,LTE_PHY_Serv_Cell_Measurement,100,1,351,PCell,-99.375,-13.875,-61.4375,1.600000023841858,-2.9000000953674316,2680,1732,-3,-14.75
2024-08-09 11:30:21.969582,LTE_PHY_Serv_Cell_Measurement,9360,1,449,2_SCell,-87.6875,-16.3125,-53.5,-3.200000047683716,-2.200000047683716,4294966170,4294966397,-3,-15.9375
2024-08-09 11:30:21.979611,LTE_PHY_Serv_Cell_Measurement,100,1,351,PCell,-99.25,-13.9375,-61.75,-0.20000000298023224,-5.900000095367432,1445,84,-3,-14.25
2024-08-09 11:30:21.979611,LTE_PHY_Serv_Cell_Measurement,9360,1,449,2_SCell,-87.6875,-16.3125,-53.6875,-3.5999999046325684,-1.7999999523162842,4294966206,4294966416,-3,-15.75
2024-08-09 11:30:21.989567,LTE_PHY_Serv_Cell_Measurement,100,1,351,PCell,-99.1875,-13.9375,-61.875,0.0,-5.5,925,4294966847,-3,-14.25
2024-08-09 11:30:21.989567,LTE_PHY_Serv_Cell_Measurement,9360,1,449,2_SCell,-87.625,-16.3125,-53.1875,-3.200000047683716,-2.299999952316284,4294966217,4294966481,-3,-15.9375
2024-08-09 11:30:22.002798,LTE_PHY_Serv_Cell_Measurement,100,2,351,PCell,-99.125,-13.875,-64.75,8.699999809265137,4.0,941,4294966854,-3,-12.6875
2024-08-09 11:30:22.002798,LTE_PHY_Serv_Cell_Measurement,9360,1,449,2_SCell,-87.5625,-16.3125,-52.4375,-6.199999809265137,-3.700000047683716,4294966121,4294966416,-3,-17.1875
2024-08-09 11:30:22.009621,LTE_PHY_Serv_Cell_Measurement,100,1,351,PCell,-99.0625,-13.875,-62.0,2.5999999046325684,-2.5999999046325684,1142,4294967054,-3,-14.4375
2024-08-09 11:30:22.009621,LTE_PHY_Serv_Cell_Measurement,9360,1,449,2_SCell,-87.5,-16.3125,-52.25,-6.199999809265137,-4.900000095367432,4294965901,4294966284,-3,-17.25
2024-08-09 11:30:22.019633,LTE_PHY_Serv_Cell_Measurement,100,1,351,PCell,-99.0,-13.875,-64.6875,10.100000381469727,6.5,1107,4294967016,-3,-13.0
2024-08-09 11:30:22.019633,LTE_PHY_Serv_Cell_Measurement,9360,1,449,2_SCell,-87.4375,-16.375,-52.125,-4.900000095367432,-2.5,4294965755,4294966194,-3,-17.25
2024-08-09 11:30:22.029611,LTE_PHY_Serv_Cell_Measurement,100,1,351,PCell,-98.9375,-13.875,-61.5,4.699999809265137,-0.5,1365,9,-3,-14.4375
2024-08-09 11:30:22.029611,LTE_PHY_Serv_Cell_Measurement,9360,1,449,2_SCell,-87.375,-16.375,-52.25,-6.0,-4.0,4294965664,4294966121,-3,-16.9375
2024-08-09 11:30:22.042816,LTE_PHY_Serv_Cell_Measurement,100,2,351,PCell,-98.875,-13.875,-64.25,11.100000381469727,7.099999904632568,1287,4294967261,-3,-13.625
2024-08-09 11:30:22.042816,LTE_PHY_Serv_Cell_Measurement,9360,1,449,2_SCell,-87.3125,-16.375,-52.8125,-2.700000047683716,-1.5,4294965683,4294966146,-3,-16.375
2024-08-09 11:30:22.049555,LTE_PHY_Serv_Cell_Measurement,100,1,351,PCell,-98.8125,-13.875,-64.0,16.0,13.300000190734863,1523,224,-3,-13.25
2024-08-09 11:30:22.049555,LTE_PHY_Serv_Cell_Measurement,9360,1,449,2_SCell,-87.25,-16.375,-53.0625,-2.9000000953674316,-0.8999999761581421,4294965772,4294966251,-3,-16.25
2024-08-09 11:30:22.059668,LTE_PHY_Serv_Cell_Measurement,100,1,351,PCell,-98.8125,-13.875,-61.75,0.4000000059604645,-3.5999999046325684,1608,322,-3,-14.5
2024-08-09 11:30:22.059668,LTE_PHY_Serv_Cell_Measurement,9360,1,449,2_SCell,-87.25,-16.375,-53.0625,-2.799999952316284,-1.2000000476837158,4294965854,4294966367,-3,-16.375
2024-08-09 11:30:22.069607,LTE_PHY_Serv_Cell_Measurement,100,1,351,PCell,-98.75,-13.875,-61.4375,0.6000000238418579,-3.5,1232,67,-3,-14.0
2024-08-09 11:30:22.069607,LTE_PHY_Serv_Cell_Measurement,9360,1,449,2_SCell,-87.1875,-16.375,-52.9375,-3.4000000953674316,-1.600000023841858,4294965931,4294966435,-3,-16.125
2024-08-09 11:30:22.081886,LTE_PHY_Serv_Cell_Measurement,100,2,351,PCell,-98.6875,-13.875,-63.875,14.100000381469727,12.0,1385,245,-3,-13.25
2024-08-09 11:30:22.081886,LTE_PHY_Serv_Cell_Measurement,9360,1,449,2_SCell,-87.1875,-16.375,-52.5,-5.699999809265137,-2.9000000953674316,4294966057,4294966490,-3,-17.125
2024-08-09 11:30:22.089529,LTE_PHY_Serv_Cell_Measurement,100,1,351,PCell,-98.625,-13.875,-64.1875,14.100000381469727,11.5,1591,477,-3,-13.375
2024-08-09 11:30:22.089529,LTE_PHY_Serv_Cell_Measurement,9360,1,449,2_SCell,-87.125,-16.375,-52.5625,-3.0,-1.899999976158142,4294965916,4294966444,-3,-17.0
2024-08-09 11:30:22.099118,LTE_PHY_Serv_Cell_Measurement,100,1,351,PCell,-98.625,-13.875,-62.0625,1.399999976158142,-1.7000000476837158,1635,671,-1,-13.9375
2024-08-09 11:30:22.099118,LTE_PHY_Serv_Cell_Measurement,9360,1,449,2_SCell,-87.125,-16.375,-55.3125,-4.099999904632568,-2.299999952316284,4294966030,4294966499,-1,-14.4375
2024-08-09 11:30:22.109540,LTE_PHY_Serv_Cell_Measurement,100,1,351,PCell,-98.5625,-13.875,-64.1875,4.0,0.6000000238418579,1089,191,-1,-12.9375
2024-08-09 11:30:22.109540,LTE_PHY_Serv_Cell_Measurement,9360,1,449,2_SCell,-87.125,-16.375,-53.3125,-2.5,-1.100000023841858,4294966134,4294966551,-1,-16.8125
2024-08-09 11:30:22.122789,LTE_PHY_Serv_Cell_Measurement,100,2,351,PCell,-98.5,-13.8125,-63.875,12.300000190734863,8.800000190734863,1366,468,-1,-13.0625
2024-08-09 11:30:22.122789,LTE_PHY_Serv_Cell_Measurement,9360,1,449,2_SCell,-87.125,-16.375,-52.625,-3.299999952316284,-2.0999999046325684,4294966251,4294966625,-1,-17.1875
2024-08-09 11:30:22.129558,LTE_PHY_Serv_Cell_Measurement,100,1,351,PCell,-98.4375,-13.8125,-64.1875,15.100000381469727,13.399999618530273,1487,595,-1,-13.0
2024-08-09 11:30:22.129558,LTE_PHY_Serv_Cell_Measurement,9360,1,449,2_SCell,-87.0625,-16.375,-52.4375,-2.700000047683716,-1.399999976158142,4294966146,4294966525,-1,-17.1875
2024-08-09 11:30:22.139544,LTE_PHY_Serv_Cell_Measurement,100,1,351,PCell,-98.4375,-13.8125,-63.25,4.5,1.7000000476837158,1271,413,-1,-13.9375
2024-08-09 11:30:22.139544,LTE_PHY_Serv_Cell_Measurement,9360,1,449,2_SCell,-87.0625,-16.375,-52.625,-2.200000047683716,-0.699999988079071,4294966273,4294966601,-1,-16.75
2024-08-09 11:30:22.149550,LTE_PHY_Serv_Cell_Measurement,100,1,351,PCell,-98.375,-13.8125,-64.3125,14.0,11.199999809265137,1523,668,-1,-11.0
2024-08-09 11:30:22.149550,LTE_PHY_Serv_Cell_Measurement,9360,1,449,2_SCell,-87.0625,-16.4375,-52.6875,-2.4000000953674316,-1.2000000476837158,4294966316,4294966641,-1,-16.875
2024-08-09 11:30:22.162800,LTE_PHY_Serv_Cell_Measurement,100,2,351,PCell,-98.375,-13.8125,-62.8125,8.699999809265137,7.199999809265137,1638,803,-1,-14.5625
2024-08-09 11:30:22.162800,LTE_PHY_Serv_Cell_Measurement,9360,1,449,2_SCell,-87.0,-16.4375,-52.375,-2.4000000953674316,-0.699999988079071,4294966387,4294966709,-1,-16.875
2024-08-09 11:30:22.169598,LTE_PHY_Serv_Cell_Measurement,100,1,351,PCell,-98.3125,-13.8125,-64.875,9.800000190734863,7.800000190734863,1741,928,-1,-12.875
2024-08-09 11:30:22.169598,LTE_PHY_Serv_Cell_Measurement,9360,1,449,2_SCell,-86.9375,-16.4375,-53.1875,-1.7999999523162842,-0.699999988079071,4294966416,4294966731,-1,-15.25
2024-08-09 11:30:22.179589,LTE_PHY_Serv_Cell_Measurement,100,1,351,PCell,-98.3125,-13.8125,-64.25,13.800000190734863,11.699999809265137,1817,999,-1,-13.25
2024-08-09 11:30:22.179589,LTE_PHY_Serv_Cell_Measurement,9360,1,449,2_SCell,-86.875,-16.375,-53.375,-2.0999999046325684,-1.100000023841858,4294966463,4294966787,-1,-14.875
2024-08-09 11:30:22.189535,LTE_PHY_Serv_Cell_Measurement,100,1,351,PCell,-98.3125,-13.75,-65.125,13.0,10.0,1930,1115,-1,-12.5625
2024-08-09 11:30:22.189535,LTE_PHY_Serv_Cell_Measurement,9360,1,449,2_SCell,-86.8125,-16.375,-53.25,-2.5,-1.2999999523162842,4294966508,4294966801,-1,-15.4375
2024-08-09 11:30:22.202786,LTE_PHY_Serv_Cell_Measurement,100,2,351,PCell,-98.3125,-13.75,-65.1875,14.100000381469727,10.800000190734863,2079,1270,-1,-12.5625
2024-08-09 11:30:22.202786,LTE_PHY_Serv_Cell_Measurement,9360,1,449,2_SCell,-86.75,-16.375,-52.625,-2.5,-1.5,4294966490,4294966801,-1,-16.125
2024-08-09 11:30:22.209509,LTE_PHY_Serv_Cell_Measurement,100,1,351,PCell,-98.3125,-13.75,-64.375,13.5,10.300000190734863,2136,1347,-1,-13.5
2024-08-09 11:30:22.209509,LTE_PHY_Serv_Cell_Measurement,9360,1,449,2_SCell,-86.75,-16.375,-52.6875,-3.0,-1.5,4294966435,4294966766,-1,-15.9375
2024-08-09 11:30:22.219605,LTE_PHY_Serv_Cell_Measurement,100,1,351,PCell,-98.25,-13.75,-64.375,14.0,10.899999618530273,2175,1403,-1,-13.5
2024-08-09 11:30:22.219605,LTE_PHY_Serv_Cell_Measurement,9360,1,449,2_SCell,-86.6875,-16.375,-52.75,-2.799999952316284,-1.7000000476837158,4294966499,4294966814,-1,-15.875
2024-08-09 11:30:22.229586,LTE_PHY_Serv_Cell_Measurement,100,1,351,PCell,-98.25,-13.75,-64.375,16.600000381469727,11.899999618530273,2294,1531,-1,-13.5625
2024-08-09 11:30:22.229586,LTE_PHY_Serv_Cell_Measurement,9360,1,449,2_SCell,-86.625,-16.3125,-53.0,-2.799999952316284,-1.7000000476837158,4294966534,4294966847,-1,-15.5
2024-08-09 11:30:22.242742,LTE_PHY_Serv_Cell_Measurement,100,2,351,PCell,-98.25,-13.75,-63.125,10.899999618530273,6.400000095367432,2401,1626,-1,-14.5625
2024-08-09 11:30:22.242742,LTE_PHY_Serv_Cell_Measurement,9360,1,449,2_SCell,-86.5625,-16.3125,-52.25,-2.5,-1.2999999523162842,4294966576,4294966873,-1,-16.375
2024-08-09 11:30:22.249562,LTE_PHY_Serv_Cell_Measurement,100,1,351,PCell,-98.25,-13.75,-63.25,15.5,11.699999809265137,2550,1784,-1,-14.375
2024-08-09 11:30:22.249562,LTE_PHY_Serv_Cell_Measurement,9360,1,449,2_SCell,-86.5,-16.3125,-51.875,-1.7999999523162842,-0.699999988079071,4294966601,4294966886,-1,-16.6875
2024-08-09 11:30:22.259617,LTE_PHY_Serv_Cell_Measurement,100,1,351,PCell,-98.1875,-13.75,-63.25,12.600000381469727,10.699999809265137,2606,1797,-1,-14.0625
2024-08-09 11:30:22.259617,LTE_PHY_Serv_Cell_Measurement,9360,1,449,2_SCell,-86.5,-16.3125,-53.0,-1.100000023841858,0.20000000298023224,4294966649,4294966941,-1,-15.5
2024-08-09 11:30:22.269593,LTE_PHY_Serv_Cell_Measurement,100,1,351,PCell,-98.1875,-13.75,-64.625,7.5,5.900000095367432,2260,1530,-1,-13.25
2024-08-09 11:30:22.269593,LTE_PHY_Serv_Cell_Measurement,9360,1,449,2_SCell,-86.4375,-16.3125,-51.375,-4.199999809265137,-3.200000047683716,4294966625,4294966929,-1,-17.0625
2024-08-09 11:30:22.282830,LTE_PHY_Serv_Cell_Measurement,100,2,351,PCell,-98.1875,-13.75,-65.9375,11.0,9.100000381469727,2231,1586,-1,-11.875
2024-08-09 11:30:22.282830,LTE_PHY_Serv_Cell_Measurement,9360,1,449,2_SCell,-86.375,-16.3125,-52.9375,-2.700000047683716,-1.100000023841858,4294966560,4294966873,-1,-15.125
2024-08-09 11:30:22.289551,LTE_PHY_Serv_Cell_Measurement,100,1,351,PCell,-98.1875,-13.75,-63.375,14.0,10.899999618530273,2369,1710,-1,-14.5625
2024-08-09 11:30:22.289551,LTE_PHY_Serv_Cell_Measurement,9360,1,449,2_SCell,-86.3125,-16.3125,-52.875,-0.6000000238418579,0.0,4294966585,4294966898,-1,-15.0625
2024-08-09 11:30:22.299109,LTE_PHY_Serv_Cell_Measurement,100,1,351,PCell,-98.1875,-13.75,-64.8125,14.199999809265137,11.5,2433,1780,0,-13.25
2024-08-09 11:30:22.299109,LTE_PHY_Serv_Cell_Measurement,9360,1,449,2_SCell,-86.25,-16.3125,-52.375,-1.7000000476837158,-1.2000000476837158,4294966617,4294966911,0,-15.375
2024-08-09 11:30:22.309636,LTE_PHY_Serv_Cell_Measurement,100,1,351,PCell,-98.25,-13.75,-64.9375,14.800000190734863,13.300000190734863,2631,2019,0,-13.4375
2024-08-09 11:30:22.309636,LTE_PHY_Serv_Cell_Measurement,9360,1,449,2_SCell,-86.25,-16.25,-52.8125,-1.5,-0.800000011920929,4294966656,4294966929,0,-15.25
2024-08-09 11:30:22.322803,LTE_PHY_Serv_Cell_Measurement,100,2,351,PCell,-98.25,-13.75,-65.0625,12.199999809265137,11.100000381469727,2730,2168,0,-13.5625
2024-08-09 11:30:22.322803,LTE_PHY_Serv_Cell_Measurement,9360,1,449,2_SCell,-86.1875,-16.25,-52.125,-2.700000047683716,-1.5,4294966679,4294966947,0,-16.4375
2024-08-09 11:30:22.329564,LTE_PHY_Serv_Cell_Measurement,100,1,351,PCell,-98.25,-13.75,-65.0625,12.399999618530273,11.100000381469727,2689,2165,0,-13.5625
2024-08-09 11:30:22.329564,LTE_PHY_Serv_Cell_Measurement,9360,1,449,2_SCell,-86.1875,-16.25,-52.25,-2.0999999046325684,-1.0,4294966568,4294966886,0,-16.125
2024-08-09 11:30:22.339571,LTE_PHY_Serv_Cell_Measurement,100,1,351,PCell,-98.3125,-13.75,-65.25,12.5,10.600000381469727,2632,2143,0,-13.5
2024-08-09 11:30:22.339571,LTE_PHY_Serv_Cell_Measurement,9360,1,449,2_SCell,-86.125,-16.25,-51.875,-1.399999976158142,-0.10000000149011612,4294966625,4294966917,0,-16.875
2024-08-09 11:30:22.349017,LTE_PHY_Serv_Cell_Measurement,100,1,351,PCell,-98.375,-13.75,-65.0,14.100000381469727,11.899999618530273,2706,2230,0,-13.9375
2024-08-09 11:30:22.349017,LTE_PHY_Serv_Cell_Measurement,9360,1,449,2_SCell,-86.125,-16.3125,-51.9375,-1.7000000476837158,-1.2999999523162842,4294966687,4294966970,0,-17.125
2024-08-09 11:30:22.362826,LTE_PHY_Serv_Cell_Measurement,100,2,351,PCell,-98.375,-13.75,-65.25,11.0,8.199999809265137,2774,2296,0,-13.9375
2024-08-09 11:30:22.362826,LTE_PHY_Serv_Cell_Measurement,9360,1,449,2_SCell,-86.125,-16.25,-55.375,-1.2000000476837158,-0.699999988079071,4294966716,4294966988,0,-13.5
2024-08-09 11:30:22.369558,LTE_PHY_Serv_Cell_Measurement,100,1,351,PCell,-98.4375,-13.75,-64.9375,11.5,9.899999618530273,2730,2215,0,-13.8125
2024-08-09 11:30:22.369558,LTE_PHY_Serv_Cell_Measurement,9360,1,449,2_SCell,-86.125,-16.1875,-55.3125,-1.0,0.10000000149011612,4294966745,4294967010,0,-13.6875
2024-08-09 11:30:22.379582,LTE_PHY_Serv_Cell_Measurement,100,1,351,PCell,-98.5,-13.75,-64.9375,13.0,10.699999809265137,2807,2281,0,-13.75
2024-08-09 11:30:22.379582,LTE_PHY_Serv_Cell_Measurement,9360,1,449,2_SCell,-86.125,-16.1875,-54.5625,-1.600000023841858,-0.6000000238418579,4294966787,4294967054,0,-14.375
2024-08-09 11:30:22.389549,LTE_PHY_Serv_Cell_Measurement,100,1,351,PCell,-98.5,-13.75,-65.3125,13.5,11.699999809265137,2744,2249,0,-13.8125
2024-08-09 11:30:22.389549,LTE_PHY_Serv_Cell_Measurement,9360,1,449,2_SCell,-86.125,-16.1875,-50.8125,-3.9000000953674316,-2.0,4294966752,4294967016,0,-18.1875
2024-08-09 11:30:22.402778,LTE_PHY_Serv_Cell_Measurement,100,2,351,PCell,-98.5625,-13.75,-65.5,14.0,10.699999809265137,2841,2298,0,-13.875
2024-08-09 11:30:22.402778,LTE_PHY_Serv_Cell_Measurement,9360,1,449,2_SCell,-86.0625,-16.125,-56.875,-0.4000000059604645,0.30000001192092896,4294966808,4294967065,0,-12.125
2024-08-09 11:30:22.409571,LTE_PHY_Serv_Cell_Measurement,100,1,351,PCell,-98.625,-13.75,-65.625,12.399999618530273,11.699999809265137,2857,2318,0,-13.8125
2024-08-09 11:30:22.409571,LTE_PHY_Serv_Cell_Measurement,9360,1,449,2_SCell,-86.0625,-16.125,-51.5625,-0.20000000298023224,0.8999999761581421,4294966841,4294967092,0,-17.4375
2024-08-09 11:30:22.419617,LTE_PHY_Serv_Cell_Measurement,100,1,351,PCell,-98.6875,-13.75,-64.6875,9.699999809265137,7.199999809265137,2739,2282,0,-14.4375
2024-08-09 11:30:22.419617,LTE_PHY_Serv_Cell_Measurement,9360,1,449,2_SCell,-86.0625,-16.125,-52.3125,-1.600000023841858,-0.800000011920929,4294966847,4294967107,0,-16.25
2024-08-09 11:30:22.429587,LTE_PHY_Serv_Cell_Measurement,100,1,351,PCell,-98.75,-13.75,-65.0625,9.399999618530273,8.199999809265137,2680,2255,0,-14.25
2024-08-09 11:30:22.429587,LTE_PHY_Serv_Cell_Measurement,9360,1,449,2_SCell,-86.0,-16.125,-54.75,-1.100000023841858,-0.5,4294966841,4294967086,0,-13.625
2024-08-09 11:30:22.442752,LTE_PHY_Serv_Cell_Measurement,100,2,351,PCell,-98.8125,-13.75,-64.3125,4.599999904632568,3.5999999046325684,2443,2000,0,-14.75
2024-08-09 11:30:22.442752,LTE_PHY_Serv_Cell_Measurement,9360,1,449,2_SCell,-86.0,-16.125,-51.625,-1.600000023841858,-0.800000011920929,4294966873,4294967102,0,-16.5625
2024-08-09 11:30:22.449567,LTE_PHY_Serv_Cell_Measurement,100,1,351,PCell,-98.8125,-13.75,-64.5625,4.099999904632568,3.4000000953674316,1640,1065,0,-14.375
2024-08-09 11:30:22.449567,LTE_PHY_Serv_Cell_Measurement,9360,1,449,2_SCell,-85.9375,-16.125,-51.6875,-1.399999976158142,-0.5,4294966834,4294967076,0,-16.3125
2024-08-09 11:30:22.459569,LTE_PHY_Serv_Cell_Measurement,100,1,351,PCell,-98.875,-13.75,-65.25,9.0,7.900000095367432,1358,790,0,-14.375
2024-08-09 11:30:22.459569,LTE_PHY_Serv_Cell_Measurement,9360,1,449,2_SCell,-85.875,-16.0625,-54.75,-1.5,-0.699999988079071,4294966738,4294966999,0,-13.4375
2024-08-09 11:30:22.469517,LTE_PHY_Serv_Cell_Measurement,100,1,351,PCell,-98.9375,-13.75,-66.0,8.5,6.199999809265137,1490,941,0,-13.3125
2024-08-09 11:30:22.469517,LTE_PHY_Serv_Cell_Measurement,9360,1,449,2_SCell,-85.875,-16.0625,-52.4375,-1.399999976158142,-0.6000000238418579,4294966773,4294967016,0,-15.5625
2024-08-09 11:30:22.482535,LTE_PHY_Serv_Cell_Measurement,100,2,351,PCell,-99.0,-13.75,-65.75,8.399999618530273,6.5,1574,1061,0,-14.0
2024-08-09 11:30:22.482535,LTE_PHY_Serv_Cell_Measurement,9360,1,449,2_SCell,-85.875,-16.0625,-52.25,-1.100000023841858,-0.6000000238418579,4294966821,4294967033,0,-16.0625
2024-08-09 11:30:22.489581,LTE_PHY_Serv_Cell_Measurement,100,1,351,PCell,-99.0,-13.75,-64.625,4.900000095367432,2.5,1377,749,0,-13.875
2024-08-09 11:30:22.489581,LTE_PHY_Serv_Cell_Measurement,9360,1,449,2_SCell,-85.8125,-16.0625,-51.75,-1.399999976158142,-0.699999988079071,4294966821,4294967022,0,-16.3125
2024-08-09 11:30:22.499079,LTE_PHY_Serv_Cell_Measurement,100,1,351,PCell,-99.0625,-13.75,-65.875,7.699999809265137,3.700000047683716,1347,600,-1,-14.125
2024-08-09 11:30:22.499079,LTE_PHY_Serv_Cell_Measurement,9360,1,449,2_SCell,-85.75,-16.0625,-52.0625,-1.7000000476837158,-1.2999999523162842,4294966821,4294967005,-1,-15.875
2024-08-09 11:30:22.509593,LTE_PHY_Serv_Cell_Measurement,100,1,351,PCell,-99.125,-13.8125,-66.0625,8.100000381469727,8.199999809265137,1507,680,-1,-14.125
2024-08-09 11:30:22.509593,LTE_PHY_Serv_Cell_Measurement,9360,1,449,2_SCell,-85.75,-16.0625,-52.5625,-1.600000023841858,-1.2999999523162842,4294966841,4294967016,-1,-15.0625
2024-08-09 11:30:22.522542,LTE_PHY_Serv_Cell_Measurement,100,2,351,PCell,-99.1875,-13.8125,-64.625,7.0,5.199999809265137,1473,746,-1,-14.875
2024-08-09 11:30:22.522542,LTE_PHY_Serv_Cell_Measurement,9360,1,449,2_SCell,-85.6875,-16.0625,-52.0625,-0.699999988079071,-0.30000001192092896,4294966867,4294967027,-1,-15.875
2024-08-09 11:30:22.529564,LTE_PHY_Serv_Cell_Measurement,100,1,351,PCell,-99.25,-13.8125,-66.125,12.600000381469727,10.899999618530273,1548,796,-1,-14.1875
2024-08-09 11:30:22.529564,LTE_PHY_Serv_Cell_Measurement,9360,1,449,2_SCell,-85.625,-16.0625,-51.3125,-4.300000190734863,-3.4000000953674316,4294966724,4294966929,-1,-16.5625
2024-08-09 11:30:22.539602,LTE_PHY_Serv_Cell_Measurement,100,1,351,PCell,-99.3125,-13.8125,-66.25,10.899999618530273,10.0,1731,1003,-1,-14.0625
2024-08-09 11:30:22.539602,LTE_PHY_Serv_Cell_Measurement,9360,1,449,2_SCell,-85.625,-16.0625,-51.8125,-2.0,-0.8999999761581421,4294966724,4294966911,-1,-16.0625
2024-08-09 11:30:22.549545,LTE_PHY_Serv_Cell_Measurement,100,1,351,PCell,-99.3125,-13.8125,-65.75,10.399999618530273,7.400000095367432,1792,1083,-1,-14.125
2024-08-09 11:30:22.549545,LTE_PHY_Serv_Cell_Measurement,9360,1,449,2_SCell,-85.5625,-16.0625,-52.1875,-1.2999999523162842,-0.4000000059604645,4294966766,4294966929,-1,-14.875
2024-08-09 11:30:22.562786,LTE_PHY_Serv_Cell_Measurement,100,2,351,PCell,-99.375,-13.8125,-64.75,7.199999809265137,3.799999952316284,1997,1320,-1,-14.6875
2024-08-09 11:30:22.562786,LTE_PHY_Serv_Cell_Measurement,9360,1,449,2_SCell,-85.5625,-16.0625,-52.1875,-0.6000000238418579,-0.5,4294966808,4294966953,-1,-15.625
2024-08-09 11:30:22.569571,LTE_PHY_Serv_Cell_Measurement,100,1,351,PCell,-99.4375,-13.8125,-65.5625,9.300000190734863,6.099999904632568,1863,1142,-1,-14.0625
2024-08-09 11:30:22.569571,LTE_PHY_Serv_Cell_Measurement,9360,1,449,2_SCell,-85.5,-16.0625,-52.1875,-1.2000000476837158,-0.5,4294966834,4294966982,-1,-16.0
2024-08-09 11:30:22.579581,LTE_PHY_Serv_Cell_Measurement,100,1,351,PCell,-99.5,-13.8125,-65.75,3.9000000953674316,3.4000000953674316,1818,1029,-2,-14.375
2024-08-09 11:30:22.579581,LTE_PHY_Serv_Cell_Measurement,9360,1,449,2_SCell,-85.5,-16.0625,-51.875,-1.899999976158142,-1.600000023841858,4294966821,4294966982,-2,-16.25
2024-08-09 11:30:22.589548,LTE_PHY_Serv_Cell_Measurement,100,1,351,PCell,-99.5,-13.8125,-65.875,13.100000381469727,11.100000381469727,1734,940,-2,-13.9375
2024-08-09 11:30:22.589548,LTE_PHY_Serv_Cell_Measurement,9360,1,449,2_SCell,-85.5,-16.0625,-51.75,-4.0,-2.4000000953674316,4294966738,4294966929,-2,-16.375
2024-08-09 11:30:22.602762,LTE_PHY_Serv_Cell_Measurement,100,2,351,PCell,-99.5625,-13.875,-64.75,12.899999618530273,9.5,1944,1137,-2,-14.6875
2024-08-09 11:30:22.602762,LTE_PHY_Serv_Cell_Measurement,9360,1,449,2_SCell,-85.4375,-16.0625,-52.375,-0.699999988079071,-0.30000001192092896,4294966773,4294966953,-2,-15.5625
2024-08-09 11:30:22.609625,LTE_PHY_Serv_Cell_Measurement,100,1,351,PCell,-99.625,-13.875,-65.0625,9.300000190734863,6.0,1963,1073,-2,-14.125
2024-08-09 11:30:22.609625,LTE_PHY_Serv_Cell_Measurement,9360,1,449,2_SCell,-85.4375,-16.0625,-52.625,-1.5,-1.100000023841858,4294966794,4294966970,-2,-15.1875
2024-08-09 11:30:22.619596,LTE_PHY_Serv_Cell_Measurement,100,1,351,PCell,-99.625,-13.875,-65.6875,13.600000381469727,10.399999618530273,2082,1168,-2,-13.875
2024-08-09 11:30:22.619596,LTE_PHY_Serv_Cell_Measurement,9360,1,449,2_SCell,-85.4375,-16.0625,-52.75,-1.2999999523162842,-0.800000011920929,4294966841,4294966988,-2,-15.375
2024-08-09 11:30:22.629551,LTE_PHY_Serv_Cell_Measurement,100,1,351,PCell,-99.6875,-13.875,-65.6875,15.199999809265137,11.899999618530273,2220,1290,-2,-13.625
2024-08-09 11:30:22.629551,LTE_PHY_Serv_Cell_Measurement,9360,1,449,2_SCell,-85.4375,-16.0625,-51.4375,-1.899999976158142,-1.2000000476837158,4294966879,4294967005,-2,-16.8125
2024-08-09 11:30:22.642815,LTE_PHY_Serv_Cell_Measurement,100,2,351,PCell,-99.6875,-13.875,-65.8125,9.899999618530273,6.800000190734863,2246,1316,-2,-13.625
2024-08-09 11:30:22.642815,LTE_PHY_Serv_Cell_Measurement,9360,1,449,2_SCell,-85.4375,-16.0625,-52.125,-1.600000023841858,-1.2999999523162842,4294966904,4294967010,-2,-16.1875
2024-08-09 11:30:22.649596,LTE_PHY_Serv_Cell_Measurement,100,1,351,PCell,-99.75,-13.875,-65.75,13.100000381469727,9.0,2161,1217,-2,-13.875
2024-08-09 11:30:22.649596,LTE_PHY_Serv_Cell_Measurement,9360,1,449,2_SCell,-85.4375,-16.0625,-51.0625,-4.5,-4.0,4294966808,4294966923,-2,-17.1875
2024-08-09 11:30:22.659578,LTE_PHY_Serv_Cell_Measurement,100,1,351,PCell,-99.75,-13.875,-64.75,10.600000381469727,6.599999904632568,2019,936,-2,-14.5625
2024-08-09 11:30:22.659578,LTE_PHY_Serv_Cell_Measurement,9360,1,449,2_SCell,-85.4375,-16.0625,-52.375,-3.700000047683716,-2.299999952316284,4294966525,4294966738,-2,-15.75
2024-08-09 11:30:22.669554,LTE_PHY_Serv_Cell_Measurement,100,1,351,PCell,-99.75,-13.875,-65.375,13.800000190734863,9.600000381469727,2120,996,-2,-13.75
2024-08-09 11:30:22.669554,LTE_PHY_Serv_Cell_Measurement,9360,1,449,2_SCell,-85.375,-16.0,-53.0625,-1.399999976158142,-1.100000023841858,4294966625,4294966794,-2,-14.6875
2024-08-09 11:30:22.682771,LTE_PHY_Serv_Cell_Measurement,100,2,351,PCell,-99.75,-13.875,-63.9375,7.300000190734863,5.400000095367432,2218,1114,-2,-14.875
2024-08-09 11:30:22.682771,LTE_PHY_Serv_Cell_Measurement,9360,1,449,2_SCell,-85.375,-16.0625,-51.6875,-4.0,-2.799999952316284,4294966709,4294966860,-2,-16.6875
2024-08-09 11:30:22.689023,LTE_PHY_Serv_Cell_Measurement,100,1,351,PCell,-99.8125,-13.875,-65.5,12.899999618530273,10.600000381469727,2260,1101,-2,-13.6875
2024-08-09 11:30:22.689023,LTE_PHY_Serv_Cell_Measurement,9360,1,449,2_SCell,-85.375,-16.0625,-52.5625,-2.5999999046325684,-1.5,4294966633,4294966801,-2,-15.3125
2024-08-09 11:30:22.699077,LTE_PHY_Serv_Cell_Measurement,100,1,351,PCell,-99.8125,-13.875,-66.25,13.0,10.0,2223,1101,-3,-13.9375
2024-08-09 11:30:22.699077,LTE_PHY_Serv_Cell_Measurement,9360,1,449,2_SCell,-85.375,-16.0625,-51.3125,-4.199999809265137,-2.700000047683716,4294966649,4294966814,-3,-17.0625
2024-08-09 11:30:22.709605,LTE_PHY_Serv_Cell_Measurement,100,1,351,PCell,-99.8125,-13.875,-65.0,15.800000190734863,15.899999618530273,2451,1405,-3,-13.9375
2024-08-09 11:30:22.709605,LTE_PHY_Serv_Cell_Measurement,9360,1,449,2_SCell,-85.375,-16.0625,-52.375,0.30000001192092896,1.100000023841858,4294966499,4294966687,-3,-15.9375
2024-08-09 11:30:22.722725,LTE_PHY_Serv_Cell_Measurement,100,2,351,PCell,-99.8125,-13.875,-65.3125,13.300000190734863,12.199999809265137,2636,1676,-3,-13.625
2024-08-09 11:30:22.722725,LTE_PHY_Serv_Cell_Measurement,9360,1,449,2_SCell,-85.4375,-16.0625,-53.125,11.899999618530273,10.800000190734863,4294966841,4294967027,-3,-15.5625
2024-08-09 11:30:22.729591,LTE_PHY_Serv_Cell_Measurement,100,1,351,PCell,-99.8125,-13.875,-65.1875,10.5,11.699999809265137,2669,1815,-3,-13.3125
2024-08-09 11:30:22.729591,LTE_PHY_Serv_Cell_Measurement,9360,1,449,2_SCell,-85.4375,-16.0625,-53.3125,2.200000047683716,3.799999952316284,4294966941,4294967138,-3,-15.375
2024-08-09 11:30:22.739589,LTE_PHY_Serv_Cell_Measurement,100,1,351,PCell,-99.8125,-13.875,-65.125,12.600000381469727,13.0,2600,1917,-3,-13.875
2024-08-09 11:30:22.739589,LTE_PHY_Serv_Cell_Measurement,9360,1,449,2_SCell,-85.4375,-16.0,-53.0,4.800000190734863,5.699999809265137,4294967138,80,-3,-15.6875
2024-08-09 11:30:22.749557,LTE_PHY_Serv_Cell_Measurement,100,1,351,PCell,-99.8125,-13.875,-65.0625,12.5,14.199999809265137,2662,2107,-3,-13.9375
2024-08-09 11:30:22.749557,LTE_PHY_Serv_Cell_Measurement,9360,1,449,2_SCell,-85.4375,-16.0,-53.1875,13.899999618530273,12.399999618530273,96,338,-3,-15.375
2024-08-09 11:30:22.762799,LTE_PHY_Serv_Cell_Measurement,100,2,351,PCell,-99.8125,-13.875,-65.4375,11.600000381469727,12.399999618530273,2676,2244,-3,-14.1875
2024-08-09 11:30:22.762799,LTE_PHY_Serv_Cell_Measurement,9360,1,449,2_SCell,-85.5,-16.0,-52.75,15.199999809265137,13.0,388,652,-3,-15.875
2024-08-09 11:30:22.769571,LTE_PHY_Serv_Cell_Measurement,100,1,351,PCell,-99.8125,-13.875,-64.875,10.5,11.899999618530273,2521,2255,-3,-14.3125
2024-08-09 11:30:22.769571,LTE_PHY_Serv_Cell_Measurement,9360,1,449,2_SCell,-85.5,-16.0,-53.375,11.100000381469727,10.899999618530273,518,811,-3,-15.25
2024-08-09 11:30:22.779616,LTE_PHY_Serv_Cell_Measurement,100,1,351,PCell,-99.8125,-13.8125,-65.8125,8.600000381469727,9.100000381469727,2403,2264,-3,-12.4375
2024-08-09 11:30:22.779616,LTE_PHY_Serv_Cell_Measurement,9360,1,449,2_SCell,-85.5,-16.0,-53.5625,10.199999809265137,10.199999809265137,683,978,-3,-14.375
2024-08-09 11:30:22.789547,LTE_PHY_Serv_Cell_Measurement,100,1,351,PCell,-99.8125,-13.8125,-65.3125,11.199999809265137,11.5,2297,2184,-3,-13.875
2024-08-09 11:30:22.789547,LTE_PHY_Serv_Cell_Measurement,9360,1,449,2_SCell,-85.5,-16.0,-52.5625,-0.5,1.600000023841858,764,930,-3,-15.875
2024-08-09 11:30:22.802749,LTE_PHY_Serv_Cell_Measurement,100,2,351,PCell,-99.75,-13.8125,-65.6875,13.399999618530273,13.800000190734863,2451,2348,-3,-13.0
2024-08-09 11:30:22.802749,LTE_PHY_Serv_Cell_Measurement,9360,1,449,2_SCell,-85.5,-15.9375,-53.8125,11.699999809265137,11.899999618530273,612,866,-3,-14.0
2024-08-09 11:30:22.809610,LTE_PHY_Serv_Cell_Measurement,100,1,351,PCell,-99.75,-13.8125,-65.6875,12.0,13.699999809265137,2545,2478,-3,-13.4375
2024-08-09 11:30:22.809610,LTE_PHY_Serv_Cell_Measurement,9360,1,449,2_SCell,-85.5,-15.9375,-53.0625,12.100000381469727,13.5,706,983,-3,-15.625
2024-08-09 11:30:22.819602,LTE_PHY_Serv_Cell_Measurement,100,1,351,PCell,-99.75,-13.8125,-64.4375,10.800000190734863,11.800000190734863,2559,2499,-3,-14.4375
2024-08-09 11:30:22.819602,LTE_PHY_Serv_Cell_Measurement,9360,1,449,2_SCell,-85.5,-15.9375,-52.75,9.399999618530273,9.899999618530273,860,1143,-3,-16.0
2024-08-09 11:30:22.829568,LTE_PHY_Serv_Cell_Measurement,100,1,351,PCell,-99.75,-13.8125,-65.0625,15.0,16.200000762939453,2609,2595,-3,-14.1875
2024-08-09 11:30:22.829568,LTE_PHY_Serv_Cell_Measurement,9360,1,449,2_SCell,-85.5,-15.9375,-53.0625,14.800000190734863,12.600000381469727,1051,1317,-3,-15.6875
2024-08-09 11:30:22.842779,LTE_PHY_Serv_Cell_Measurement,100,2,351,PCell,-99.6875,-13.875,-65.3125,13.300000190734863,12.5,2734,2739,-3,-14.0625
2024-08-09 11:30:22.842779,LTE_PHY_Serv_Cell_Measurement,9360,1,449,2_SCell,-85.5625,-15.9375,-53.0,15.199999809265137,13.699999809265137,1296,1575,-3,-15.6875
2024-08-09 11:30:22.849608,LTE_PHY_Serv_Cell_Measurement,100,1,351,PCell,-99.6875,-13.875,-65.3125,13.399999618530273,12.5,2779,2715,-3,-14.0625
2024-08-09 11:30:22.849608,LTE_PHY_Serv_Cell_Measurement,9360,1,449,2_SCell,-85.5625,-15.9375,-53.25,14.199999809265137,13.0,1433,1717,-3,-15.375
2024-08-09 11:30:22.860010,LTE_PHY_Serv_Cell_Measurement,100,1,351,PCell,-99.6875,-13.875,-64.75,10.899999618530273,10.600000381469727,2695,2554,-3,-14.375
2024-08-09 11:30:22.860010,LTE_PHY_Serv_Cell_Measurement,9360,1,449,2_SCell,-85.5625,-15.9375,-53.25,-3.0,-1.899999976158142,1458,1750,-3,-15.125
2024-08-09 11:30:22.869287,LTE_PHY_Serv_Cell_Measurement,100,1,351,PCell,-99.625,-13.875,-65.625,13.5,14.399999618530273,2722,2601,-3,-13.625
2024-08-09 11:30:22.869287,LTE_PHY_Serv_Cell_Measurement,9360,1,449,2_SCell,-85.5625,-15.9375,-52.875,4.800000190734863,5.699999809265137,960,1308,-3,-15.75
